{
  "files": [
    {
      "fileName": "./2263000IF62E113.BIN",
      "SPDXID": "SPDXRef-File--2263000IF62E113.BIN-BAE322F618392A2F74C5EFEEFB5D631F165DF4A1",
      "checksums": [
        {
          "algorithm": "SHA256",
          "checksumValue": "b8e4963bf868cede6a5c26810c7aabea217bcb3a4d851057d904a3b218970658"
        },
        {
          "algorithm": "SHA1",
          "checksumValue": "bae322f618392a2f74c5efeefb5d631f165df4a1"
        }
      ],
      "licenseConcluded": "NOASSERTION",
      "licenseInfoInFiles": [
        "NOASSERTION"
      ],
      "copyrightText": "NOASSERTION"
    }
  ],
  "packages": [
    {
      "name": "2263000IF62E113",
      "SPDXID": "SPDXRef-RootPackage",
      "downloadLocation": "NOASSERTION",
      "packageVerificationCode": {
        "packageVerificationCodeValue": "2a320e04d01906d6370020eb13459e4c7ffaaaab"
      },
      "filesAnalyzed": true,
      "licenseConcluded": "NOASSERTION",
      "licenseInfoFromFiles": [
        "NOASSERTION"
      ],
      "licenseDeclared": "NOASSERTION",
      "copyrightText": "NOASSERTION",
      "versionInfo": "E1.13",
      "externalRefs": [
        {
          "referenceCategory": "PACKAGE-MANAGER",
          "referenceType": "purl",
          "referenceLocator": "pkg:swid/Advantech/advantech.com/2263000IF62E113@E1.13?tag_id=609a5204-7fb9-49d2-8eaf-0fe6d194c21b"
        }
      ],
      "supplier": "Organization: Advantech",
      "hasFiles": [
        "SPDXRef-File--2263000IF62E113.BIN-BAE322F618392A2F74C5EFEEFB5D631F165DF4A1"
      ]
    }
  ],
  "externalDocumentRefs": [],
  "relationships": [
    {
      "relationshipType": "DESCRIBES",
      "relatedSpdxElement": "SPDXRef-RootPackage",
      "spdxElementId": "SPDXRef-DOCUMENT"
    }
  ],
  "spdxVersion": "SPDX-2.2",
  "dataLicense": "CC0-1.0",
  "SPDXID": "SPDXRef-DOCUMENT",
  "name": "2263000IF62E113 E1.13",
  "documentNamespace": "https://Advantech.com/MIO-2263_BIOS/2263000IF62E113/E1.13/ppQ6C6EeQUalfMu9JouWBQ",
  "creationInfo": {
    "created": "2025-07-09T18:12:33Z",
    "creators": [
      "Organization: Advantech",
      "Tool: Microsoft.SBOMTool-4.0.3"
    ]
  },
  "documentDescribes": [
    "SPDXRef-RootPackage"
  ]
}