{
  "files": [
    {
      "fileName": "./Bootloader.hex",
      "SPDXID": "SPDXRef-File--Bootloader.hex-48C1A11BF9A10A6BECC98B49BD99C24668B2669B",
      "checksums": [
        {
          "algorithm": "SHA256",
          "checksumValue": "a05c549fc4c3a8aeee0411efbe94566d4a2299bc5f3149c30b4a44e8f483744b"
        },
        {
          "algorithm": "SHA1",
          "checksumValue": "48c1a11bf9a10a6becc98b49bd99c24668b2669b"
        }
      ],
      "licenseConcluded": "NOASSERTION",
      "licenseInfoInFiles": [
        "NOASSERTION"
      ],
      "copyrightText": "NOASSERTION"
    }
  ],
  "packages": [
    {
      "name": "KXL_Bootloader",
      "SPDXID": "SPDXRef-RootPackage",
      "downloadLocation": "NOASSERTION",
      "packageVerificationCode": {
        "packageVerificationCodeValue": "66d664aa948674e9fad560482fc67ab99cdab25b"
      },
      "filesAnalyzed": true,
      "licenseConcluded": "NOASSERTION",
      "licenseInfoFromFiles": [
        "NOASSERTION"
      ],
      "licenseDeclared": "NOASSERTION",
      "copyrightText": "NOASSERTION",
      "versionInfo": "1.0.0",
      "externalRefs": [
        {
          "referenceCategory": "PACKAGE-MANAGER",
          "referenceType": "purl",
          "referenceLocator": "pkg:swid/Glaukos/glaukos.com/KXL_Bootloader@1.0.0?tag_id=605bb60f-089d-41e1-be2f-2860d6500e05"
        }
      ],
      "supplier": "Organization: Glaukos",
      "hasFiles": [
        "SPDXRef-File--Bootloader.hex-48C1A11BF9A10A6BECC98B49BD99C24668B2669B"
      ]
    }
  ],
  "externalDocumentRefs": [],
  "relationships": [
    {
      "relationshipType": "DESCRIBES",
      "relatedSpdxElement": "SPDXRef-RootPackage",
      "spdxElementId": "SPDXRef-DOCUMENT"
    }
  ],
  "spdxVersion": "SPDX-2.2",
  "dataLicense": "CC0-1.0",
  "SPDXID": "SPDXRef-DOCUMENT",
  "name": "KXL_Bootloader 1.0.0",
  "documentNamespace": "https://glaukos.com/kxl_bootloader/KXL_Bootloader/1.0.0/cV-8d8jrRE-qR7O8xR56aw",
  "creationInfo": {
    "created": "2025-06-05T21:23:56Z",
    "creators": [
      "Organization: Glaukos",
      "Tool: Microsoft.SBOMTool-4.0.3"
    ]
  },
  "documentDescribes": [
    "SPDXRef-RootPackage"
  ]
}