{
  "files": [
    {
      "fileName": "./ucos2.spdx.json",
      "SPDXID": "SPDXRef-File--ucos2.spdx.json-59F26B33266729A44A64ECCC19D688E58674D54B",
      "checksums": [
        {
          "algorithm": "SHA256",
          "checksumValue": "0706ce04fe5345200df98b079f3e28f0dfc340ec10d866846496861b015ca84b"
        },
        {
          "algorithm": "SHA1",
          "checksumValue": "59f26b33266729a44a64eccc19d688e58674d54b"
        }
      ],
      "licenseConcluded": "NOASSERTION",
      "licenseInfoInFiles": [
        "NOASSERTION"
      ],
      "copyrightText": "NOASSERTION",
      "fileTypes": [
        "SPDX"
      ]
    },
    {
      "fileName": "./microchip.spdx.json",
      "SPDXID": "SPDXRef-File--microchip.spdx.json-74C54664652E449D6A20054F5449242018C88219",
      "checksums": [
        {
          "algorithm": "SHA256",
          "checksumValue": "503ce8fa265b06634c13c606accc35473437ad5b299991df67badadb193d463d"
        },
        {
          "algorithm": "SHA1",
          "checksumValue": "74c54664652e449d6a20054f5449242018c88219"
        }
      ],
      "licenseConcluded": "NOASSERTION",
      "licenseInfoInFiles": [
        "NOASSERTION"
      ],
      "copyrightText": "NOASSERTION",
      "fileTypes": [
        "SPDX"
      ]
    },
    {
      "fileName": "./KXL.6.1.41.production.hex",
      "SPDXID": "SPDXRef-File--KXL.6.1.41.production.hex-8697122BF53AFC7DC6CCFFB88C545A768EB50165",
      "checksums": [
        {
          "algorithm": "SHA256",
          "checksumValue": "61ff3c2958d0cf5a6b4f00b89d2209bcf0993604554df26d0de0512b314e5b7f"
        },
        {
          "algorithm": "SHA1",
          "checksumValue": "8697122bf53afc7dc6ccffb88c545a768eb50165"
        }
      ],
      "licenseConcluded": "NOASSERTION",
      "licenseInfoInFiles": [
        "NOASSERTION"
      ],
      "copyrightText": "NOASSERTION"
    }
  ],
  "packages": [
    {
      "name": "KXL_FW",
      "SPDXID": "SPDXRef-RootPackage",
      "downloadLocation": "NOASSERTION",
      "packageVerificationCode": {
        "packageVerificationCodeValue": "7103ba0b3b91892713d37320a0efa68d674e4e8b"
      },
      "filesAnalyzed": true,
      "licenseConcluded": "NOASSERTION",
      "licenseInfoFromFiles": [
        "NOASSERTION"
      ],
      "licenseDeclared": "NOASSERTION",
      "copyrightText": "NOASSERTION",
      "versionInfo": "6.1.41",
      "externalRefs": [
        {
          "referenceCategory": "PACKAGE-MANAGER",
          "referenceType": "purl",
          "referenceLocator": "pkg:swid/Glaukos/glaukos.com/KXL_FW@6.1.41?tag_id=12d02527-70db-4efd-9fe7-9cb4e62be6cc"
        }
      ],
      "supplier": "Organization: Glaukos",
      "hasFiles": [
        "SPDXRef-File--KXL.6.1.41.production.hex-8697122BF53AFC7DC6CCFFB88C545A768EB50165",
        "SPDXRef-File--ucos2.spdx.json-59F26B33266729A44A64ECCC19D688E58674D54B",
        "SPDXRef-File--microchip.spdx.json-74C54664652E449D6A20054F5449242018C88219"
      ]
    }
  ],
  "externalDocumentRefs": [
    {
      "externalDocumentId": "DocumentRef-Part-Support-1.70.A-74C54664652E449D6A20054F5449242018C88219",
      "spdxDocument": "https://microchip.com/MPLAB-CXX/Part%20Support/1.70.A/3jshC-Bb00e-ZTp6bJpKnA",
      "checksum": {
        "algorithm": "SHA1",
        "checksumValue": "74c54664652e449d6a20054f5449242018c88219"
      }
    },
    {
      "externalDocumentId": "DocumentRef-uC-OS2-2.86-59F26B33266729A44A64ECCC19D688E58674D54B",
      "spdxDocument": "https://weston-embedded/micrium/uC-OS2/2.86/9ivPoEvHZEmF5AtwTV6mgA",
      "checksum": {
        "algorithm": "SHA1",
        "checksumValue": "59f26b33266729a44a64eccc19d688e58674d54b"
      }
    }
  ],
  "relationships": [
    {
      "relationshipType": "DESCRIBES",
      "relatedSpdxElement": "SPDXRef-RootPackage",
      "spdxElementId": "SPDXRef-DOCUMENT"
    },
    {
      "relationshipType": "DESCRIBED_BY",
      "relatedSpdxElement": "SPDXRef-DOCUMENT",
      "spdxElementId": "SPDXRef-File--ucos2.spdx.json-59F26B33266729A44A64ECCC19D688E58674D54B"
    },
    {
      "relationshipType": "DESCRIBED_BY",
      "relatedSpdxElement": "SPDXRef-DOCUMENT",
      "spdxElementId": "SPDXRef-File--microchip.spdx.json-74C54664652E449D6A20054F5449242018C88219"
    },
    {
      "relationshipType": "PREREQUISITE_FOR",
      "relatedSpdxElement": "DocumentRef-Part-Support-1.70.A-74C54664652E449D6A20054F5449242018C88219:SPDXRef-RootPackage",
      "spdxElementId": "SPDXRef-RootPackage"
    },
    {
      "relationshipType": "PREREQUISITE_FOR",
      "relatedSpdxElement": "DocumentRef-uC-OS2-2.86-59F26B33266729A44A64ECCC19D688E58674D54B:SPDXRef-RootPackage",
      "spdxElementId": "SPDXRef-RootPackage"
    }
  ],
  "spdxVersion": "SPDX-2.2",
  "dataLicense": "CC0-1.0",
  "SPDXID": "SPDXRef-DOCUMENT",
  "name": "KXL_FW 6.1.41",
  "documentNamespace": "https://glaukos.com/kxl_fw/KXL_FW/6.1.41/tRURECCTJE6ghoS9Rfx9nw",
  "creationInfo": {
    "created": "2025-06-05T21:09:47Z",
    "creators": [
      "Organization: Glaukos",
      "Tool: Microsoft.SBOMTool-4.0.3"
    ]
  },
  "documentDescribes": [
    "SPDXRef-RootPackage"
  ]
}