{
  "files": [
    {
      "fileName": "./GenericTypeDefs.h",
      "SPDXID": "SPDXRef-File--GenericTypeDefs.h-9D60FDAB48C6EB325F363D7E928876E7DABB8C4F",
      "checksums": [
        {
          "algorithm": "SHA256",
          "checksumValue": "2a684d9cebc1cb8110b5c8c357af9ba0fe58a5a4c5a6583d9bb573ee098e409a"
        },
        {
          "algorithm": "SHA1",
          "checksumValue": "9d60fdab48c6eb325f363d7e928876e7dabb8c4f"
        }
      ],
      "licenseConcluded": "NOASSERTION",
      "licenseInfoInFiles": [
        "NOASSERTION"
      ],
      "copyrightText": "NOASSERTION"
    },
    {
      "fileName": "./p24FJ256GA110.h",
      "SPDXID": "SPDXRef-File--p24FJ256GA110.h-11A71BEF5125045A732FE54E9ED146997FCC00D9",
      "checksums": [
        {
          "algorithm": "SHA256",
          "checksumValue": "ff2c6ea015940a281dba0d2692c0d0bc2ef8d02241ad929c2b10cb8648f4afab"
        },
        {
          "algorithm": "SHA1",
          "checksumValue": "11a71bef5125045a732fe54e9ed146997fcc00d9"
        }
      ],
      "licenseConcluded": "NOASSERTION",
      "licenseInfoInFiles": [
        "NOASSERTION"
      ],
      "copyrightText": "NOASSERTION"
    }
  ],
  "packages": [
    {
      "name": "Part Support",
      "SPDXID": "SPDXRef-RootPackage",
      "downloadLocation": "NOASSERTION",
      "packageVerificationCode": {
        "packageVerificationCodeValue": "5de60974ee321339e7772b1cca92a2b207adaca6"
      },
      "filesAnalyzed": true,
      "licenseConcluded": "NOASSERTION",
      "licenseInfoFromFiles": [
        "NOASSERTION"
      ],
      "licenseDeclared": "NOASSERTION",
      "copyrightText": "NOASSERTION",
      "versionInfo": "1.70.A",
      "externalRefs": [
        {
          "referenceCategory": "PACKAGE-MANAGER",
          "referenceType": "purl",
          "referenceLocator": "pkg:swid/Microchip/microchip.com/Part%20Support@1.70.A?tag_id=5d83aba9-8ea0-4278-8f71-696403dc6f0c"
        }
      ],
      "supplier": "Organization: Microchip",
      "hasFiles": [
        "SPDXRef-File--p24FJ256GA110.h-11A71BEF5125045A732FE54E9ED146997FCC00D9",
        "SPDXRef-File--GenericTypeDefs.h-9D60FDAB48C6EB325F363D7E928876E7DABB8C4F"
      ]
    }
  ],
  "externalDocumentRefs": [],
  "relationships": [
    {
      "relationshipType": "DESCRIBES",
      "relatedSpdxElement": "SPDXRef-RootPackage",
      "spdxElementId": "SPDXRef-DOCUMENT"
    }
  ],
  "spdxVersion": "SPDX-2.2",
  "dataLicense": "CC0-1.0",
  "SPDXID": "SPDXRef-DOCUMENT",
  "name": "Part Support 1.70.A",
  "documentNamespace": "https://microchip.com/MPLAB-CXX/Part%20Support/1.70.A/3jshC-Bb00e-ZTp6bJpKnA",
  "creationInfo": {
    "created": "2025-06-05T20:55:09Z",
    "creators": [
      "Organization: Microchip",
      "Tool: Microsoft.SBOMTool-4.0.3"
    ]
  },
  "documentDescribes": [
    "SPDXRef-RootPackage"
  ]
}