{
  "files": [
    {
      "fileName": "./CallUninstallCommitToC.vbs",
      "SPDXID": "SPDXRef-File--CallUninstallCommitToC.vbs-5B31A7FE5441A7A3A8520B144FFE3ADE00A025AF",
      "checksums": [
        {
          "algorithm": "SHA256",
          "checksumValue": "7afe56e82c7dbbbff3434850d254b218aed9bb8bae452a767f36458d11ddcecc"
        },
        {
          "algorithm": "SHA1",
          "checksumValue": "5b31a7fe5441a7a3a8520b144ffe3ade00a025af"
        }
      ],
      "licenseConcluded": "NOASSERTION",
      "licenseInfoInFiles": [
        "NOASSERTION"
      ],
      "copyrightText": "NOASSERTION"
    },
    {
      "fileName": "./CommitChangesToC.bat",
      "SPDXID": "SPDXRef-File--CommitChangesToC.bat-F8C0C706376F2A70FE575FE9B543EC9C2A2D1B6A",
      "checksums": [
        {
          "algorithm": "SHA256",
          "checksumValue": "36244ea86d8172dcd1471141bb5814f73ed8821f296066a2afa722072e94e666"
        },
        {
          "algorithm": "SHA1",
          "checksumValue": "f8c0c706376f2a70fe575fe9b543ec9c2a2d1b6a"
        }
      ],
      "licenseConcluded": "NOASSERTION",
      "licenseInfoInFiles": [
        "NOASSERTION"
      ],
      "copyrightText": "NOASSERTION"
    },
    {
      "fileName": "./Copy1BConfigFile.bat",
      "SPDXID": "SPDXRef-File--Copy1BConfigFile.bat-7398E9EADB46A8B741794ABE0FFBD8224DD0BB93",
      "checksums": [
        {
          "algorithm": "SHA256",
          "checksumValue": "9cbe9dc207672291ec4d744e7e1d929ce02da27df03ee1db047047108ef91329"
        },
        {
          "algorithm": "SHA1",
          "checksumValue": "7398e9eadb46a8b741794abe0ffbd8224dd0bb93"
        }
      ],
      "licenseConcluded": "NOASSERTION",
      "licenseInfoInFiles": [
        "NOASSERTION"
      ],
      "copyrightText": "NOASSERTION"
    },
    {
      "fileName": "./Basler.Pylon.dll",
      "SPDXID": "SPDXRef-File--Basler.Pylon.dll-E29E7F93E9B1AD0BBA1DB23116017C5C539CDFFB",
      "checksums": [
        {
          "algorithm": "SHA256",
          "checksumValue": "be44697a78a30e85f97d319d1a932148844d31574dfd5c97e4c6c4cf47ffb7fe"
        },
        {
          "algorithm": "SHA1",
          "checksumValue": "e29e7f93e9b1ad0bba1db23116017c5c539cdffb"
        }
      ],
      "licenseConcluded": "NOASSERTION",
      "licenseInfoInFiles": [
        "NOASSERTION"
      ],
      "copyrightText": "NOASSERTION"
    },
    {
      "fileName": "./FTDI2XX.dll",
      "SPDXID": "SPDXRef-File--FTDI2XX.dll-C3FCFBE1F0EBB6AF3C35764D52A7D2864CB35D58",
      "checksums": [
        {
          "algorithm": "SHA256",
          "checksumValue": "70c254923ec37ad4a9e470939fdb0b45c2f9ed2266409e35226b0a2a5f6667f2"
        },
        {
          "algorithm": "SHA1",
          "checksumValue": "c3fcfbe1f0ebb6af3c35764d52a7d2864cb35d58"
        }
      ],
      "licenseConcluded": "NOASSERTION",
      "licenseInfoInFiles": [
        "NOASSERTION"
      ],
      "copyrightText": "NOASSERTION"
    },
    {
      "fileName": "./Kxl1B.Common.Utility.ULog.config",
      "SPDXID": "SPDXRef-File--Kxl1B.Common.Utility.ULog.config-56C885BA4ABF7DE86204C00610ED9F58DF81BD5D",
      "checksums": [
        {
          "algorithm": "SHA256",
          "checksumValue": "074ab69eda9d0a8a78c9b74c0e203b7ac2a98465164b931b36ee158d3a73ceaa"
        },
        {
          "algorithm": "SHA1",
          "checksumValue": "56c885ba4abf7de86204c00610ed9f58df81bd5d"
        }
      ],
      "licenseConcluded": "NOASSERTION",
      "licenseInfoInFiles": [
        "NOASSERTION"
      ],
      "copyrightText": "NOASSERTION"
    },
    {
      "fileName": "./Kxl1B.dll.config.clean",
      "SPDXID": "SPDXRef-File--Kxl1B.dll.config.clean-220B6E5123354C6EBC642EF6A1D856A61D8726CC",
      "checksums": [
        {
          "algorithm": "SHA256",
          "checksumValue": "1f53f8e78fc97a6c8cd69ec1be42f0db5cba3cc7d265f95fa842e71fc89ea9fa"
        },
        {
          "algorithm": "SHA1",
          "checksumValue": "220b6e5123354c6ebc642ef6a1d856a61d8726cc"
        }
      ],
      "licenseConcluded": "NOASSERTION",
      "licenseInfoInFiles": [
        "NOASSERTION"
      ],
      "copyrightText": "NOASSERTION"
    },
    {
      "fileName": "./CallPostInstallCommitToC.vbs",
      "SPDXID": "SPDXRef-File--CallPostInstallCommitToC.vbs-740A8C3FDD3B42D3A3BCAA17A605649716BF0B22",
      "checksums": [
        {
          "algorithm": "SHA256",
          "checksumValue": "9d56b0ececaa1db357f157fc76de5c22b28e039c4c1aa4e93e1d5b13ec8ed0ed"
        },
        {
          "algorithm": "SHA1",
          "checksumValue": "740a8c3fdd3b42d3a3bcaa17a605649716bf0b22"
        }
      ],
      "licenseConcluded": "NOASSERTION",
      "licenseInfoInFiles": [
        "NOASSERTION"
      ],
      "copyrightText": "NOASSERTION"
    },
    {
      "fileName": "./CallCopy1BConfigFile.vbs",
      "SPDXID": "SPDXRef-File--CallCopy1BConfigFile.vbs-AFEDA0905B1DDB3972988B6116D09A74CFFCC1CD",
      "checksums": [
        {
          "algorithm": "SHA256",
          "checksumValue": "25ac60bae4fc0f75bc8d2fcc60e50b2b45ba37835635e4432bfa8189e820efc1"
        },
        {
          "algorithm": "SHA1",
          "checksumValue": "afeda0905b1ddb3972988b6116d09a74cffcc1cd"
        }
      ],
      "licenseConcluded": "NOASSERTION",
      "licenseInfoInFiles": [
        "NOASSERTION"
      ],
      "copyrightText": "NOASSERTION"
    },
    {
      "fileName": "./CommServiceProvider.dll",
      "SPDXID": "SPDXRef-File--CommServiceProvider.dll-2885A3C022C7C63C130FAFFA9B9D177BC4184AEB",
      "checksums": [
        {
          "algorithm": "SHA256",
          "checksumValue": "89256fdd4a8b8b59212e6ce8e66bb8c70e848c24df57aa05db61fde38e243abe"
        },
        {
          "algorithm": "SHA1",
          "checksumValue": "2885a3c022c7c63c130faffa9b9d177bc4184aeb"
        }
      ],
      "licenseConcluded": "NOASSERTION",
      "licenseInfoInFiles": [
        "NOASSERTION"
      ],
      "copyrightText": "NOASSERTION"
    },
    {
      "fileName": "./Kxlf.Infrastructure.dll",
      "SPDXID": "SPDXRef-File--Kxlf.Infrastructure.dll-35238F12D973D2802AC3CE14D97CEFFD92B29D09",
      "checksums": [
        {
          "algorithm": "SHA256",
          "checksumValue": "b6c86aac06cbaf60bf25606f7a64c2341a896607a3c33bab5462b1c7de641db3"
        },
        {
          "algorithm": "SHA1",
          "checksumValue": "35238f12d973d2802ac3ce14d97ceffd92b29d09"
        }
      ],
      "licenseConcluded": "NOASSERTION",
      "licenseInfoInFiles": [
        "NOASSERTION"
      ],
      "copyrightText": "NOASSERTION"
    },
    {
      "fileName": "./Prism.Container.Abstractions.dll",
      "SPDXID": "SPDXRef-File--Prism.Container.Abstractions.dll-AE8964B1A1994526B2FC87AFB848EAC332B3998E",
      "checksums": [
        {
          "algorithm": "SHA256",
          "checksumValue": "a20ab550fd2a6465065f188b7bf4cec06c69f1c602e97eafef602d63c6b337e9"
        },
        {
          "algorithm": "SHA1",
          "checksumValue": "ae8964b1a1994526b2fc87afb848eac332b3998e"
        }
      ],
      "licenseConcluded": "NOASSERTION",
      "licenseInfoInFiles": [
        "NOASSERTION"
      ],
      "copyrightText": "NOASSERTION"
    },
    {
      "fileName": "./favicon.ico",
      "SPDXID": "SPDXRef-File--favicon.ico-6BF02C55A84041AFFC514E2B23E7DD6517799D54",
      "checksums": [
        {
          "algorithm": "SHA256",
          "checksumValue": "d286d002b800fabdbcb30b305677d74fb37ac2a6664c467d66a7fb7f3add8c54"
        },
        {
          "algorithm": "SHA1",
          "checksumValue": "6bf02c55a84041affc514e2b23e7dd6517799d54"
        }
      ],
      "licenseConcluded": "NOASSERTION",
      "licenseInfoInFiles": [
        "NOASSERTION"
      ],
      "copyrightText": "NOASSERTION"
    },
    {
      "fileName": "./Prism.Events.dll",
      "SPDXID": "SPDXRef-File--Prism.Events.dll-CE2693CBAF8B239507897AC21170AE591B1F0BC6",
      "checksums": [
        {
          "algorithm": "SHA256",
          "checksumValue": "38aa5cd362d525ee289f3de7d1f9f176d3875a7b6614fdcfb801e1d563f6a35f"
        },
        {
          "algorithm": "SHA1",
          "checksumValue": "ce2693cbaf8b239507897ac21170ae591b1f0bc6"
        }
      ],
      "licenseConcluded": "NOASSERTION",
      "licenseInfoInFiles": [
        "NOASSERTION"
      ],
      "copyrightText": "NOASSERTION"
    },
    {
      "fileName": "./Copy1BConfigFile_result.txt",
      "SPDXID": "SPDXRef-File--Copy1BConfigFile-result.txt-A2197CA375F050C9E9F40EA2E114243C5E79765E",
      "checksums": [
        {
          "algorithm": "SHA256",
          "checksumValue": "7c028d9486e1ab89e818e00959949129a9506ba0cc24d2f21d4f58f4b38e86f7"
        },
        {
          "algorithm": "SHA1",
          "checksumValue": "a2197ca375f050c9e9f40ea2e114243c5e79765e"
        }
      ],
      "licenseConcluded": "NOASSERTION",
      "licenseInfoInFiles": [
        "NOASSERTION"
      ],
      "copyrightText": "NOASSERTION"
    },
    {
      "fileName": "./DryIoc.dll",
      "SPDXID": "SPDXRef-File--DryIoc.dll-1F6954FC3B711C07024501CE3AB98652E0C49BC3",
      "checksums": [
        {
          "algorithm": "SHA256",
          "checksumValue": "6f73be42c1dbe409ec2596a23bac3778e7be7843981fdabcb5dc2cb11b1f6c40"
        },
        {
          "algorithm": "SHA1",
          "checksumValue": "1f6954fc3b711c07024501ce3ab98652e0c49bc3"
        }
      ],
      "licenseConcluded": "NOASSERTION",
      "licenseInfoInFiles": [
        "NOASSERTION"
      ],
      "copyrightText": "NOASSERTION"
    },
    {
      "fileName": "./System.Configuration.ConfigurationManager.dll",
      "SPDXID": "SPDXRef-File--System.Configuration.ConfigurationManager.dll-25A3E37D26A313C1448935504947BF6EC6B09EC0",
      "checksums": [
        {
          "algorithm": "SHA256",
          "checksumValue": "735a45c80f4ae90d43570e2d954511ab4bf8949d38f8c40fd67e6396f0564346"
        },
        {
          "algorithm": "SHA1",
          "checksumValue": "25a3e37d26a313c1448935504947bf6ec6b09ec0"
        }
      ],
      "licenseConcluded": "NOASSERTION",
      "licenseInfoInFiles": [
        "NOASSERTION"
      ],
      "copyrightText": "NOASSERTION"
    },
    {
      "fileName": "./Kxl1B.dll.config",
      "SPDXID": "SPDXRef-File--Kxl1B.dll.config-220B6E5123354C6EBC642EF6A1D856A61D8726CC",
      "checksums": [
        {
          "algorithm": "SHA256",
          "checksumValue": "1f53f8e78fc97a6c8cd69ec1be42f0db5cba3cc7d265f95fa842e71fc89ea9fa"
        },
        {
          "algorithm": "SHA1",
          "checksumValue": "220b6e5123354c6ebc642ef6a1d856a61d8726cc"
        }
      ],
      "licenseConcluded": "NOASSERTION",
      "licenseInfoInFiles": [
        "NOASSERTION"
      ],
      "copyrightText": "NOASSERTION"
    },
    {
      "fileName": "./Kxl1B.deps.json",
      "SPDXID": "SPDXRef-File--Kxl1B.deps.json-8F9B3B5F8DA2909708326AA7583B5AB9B0D17508",
      "checksums": [
        {
          "algorithm": "SHA256",
          "checksumValue": "d88beab2de2ea1c50ecc73a3258cce39414749776ddccda5d417ae0f4be4c3b5"
        },
        {
          "algorithm": "SHA1",
          "checksumValue": "8f9b3b5f8da2909708326aa7583b5ab9b0d17508"
        }
      ],
      "licenseConcluded": "NOASSERTION",
      "licenseInfoInFiles": [
        "NOASSERTION"
      ],
      "copyrightText": "NOASSERTION"
    },
    {
      "fileName": "./Kxl1B.dll",
      "SPDXID": "SPDXRef-File--Kxl1B.dll-1C4E1BEF5168CC1C941E5CE7AD73E4A2AAA97112",
      "checksums": [
        {
          "algorithm": "SHA256",
          "checksumValue": "2b9e663d27a99b6a025ee2224b2811fa10af593d4b5281901e740b4af0a3cd4f"
        },
        {
          "algorithm": "SHA1",
          "checksumValue": "1c4e1bef5168cc1c941e5ce7ad73e4a2aaa97112"
        }
      ],
      "licenseConcluded": "NOASSERTION",
      "licenseInfoInFiles": [
        "NOASSERTION"
      ],
      "copyrightText": "NOASSERTION"
    },
    {
      "fileName": "./Kxl1B.Common.Utility.dll",
      "SPDXID": "SPDXRef-File--Kxl1B.Common.Utility.dll-0B8A7C824D0E8340594EFF3BE08D41968F317349",
      "checksums": [
        {
          "algorithm": "SHA256",
          "checksumValue": "69b6587429ce92a6c14596a880772d2e3e3217d05c85a10d559d1c135bc8a6cf"
        },
        {
          "algorithm": "SHA1",
          "checksumValue": "0b8a7c824d0e8340594eff3be08d41968f317349"
        }
      ],
      "licenseConcluded": "NOASSERTION",
      "licenseInfoInFiles": [
        "NOASSERTION"
      ],
      "copyrightText": "NOASSERTION"
    },
    {
      "fileName": "./MockServicesProvider.dll",
      "SPDXID": "SPDXRef-File--MockServicesProvider.dll-8D5C6A116958A71A43546E12E76B8CAD34F7205B",
      "checksums": [
        {
          "algorithm": "SHA256",
          "checksumValue": "4b5a903d1aca0b2dfc4114888af12ca554731b719973f611b91f09a78e783a92"
        },
        {
          "algorithm": "SHA1",
          "checksumValue": "8d5c6a116958a71a43546e12e76b8cad34f7205b"
        }
      ],
      "licenseConcluded": "NOASSERTION",
      "licenseInfoInFiles": [
        "NOASSERTION"
      ],
      "copyrightText": "NOASSERTION"
    },
    {
      "fileName": "./Microsoft.Xaml.Behaviors.dll",
      "SPDXID": "SPDXRef-File--Microsoft.Xaml.Behaviors.dll-7CF746E1D3AF9E76457031D05090F834AA3FD302",
      "checksums": [
        {
          "algorithm": "SHA256",
          "checksumValue": "407a4642e845804a2f78d2b531324448c527fe8ba0e04f32ae73b9ca4fd364bb"
        },
        {
          "algorithm": "SHA1",
          "checksumValue": "7cf746e1d3af9e76457031d05090f834aa3fd302"
        }
      ],
      "licenseConcluded": "NOASSERTION",
      "licenseInfoInFiles": [
        "NOASSERTION"
      ],
      "copyrightText": "NOASSERTION"
    },
    {
      "fileName": "./Kxl1B.runtimeconfig.json",
      "SPDXID": "SPDXRef-File--Kxl1B.runtimeconfig.json-AE3D39E59FD6EDC05792A76CDF4F02A637F52E29",
      "checksums": [
        {
          "algorithm": "SHA256",
          "checksumValue": "89ad1ea5c9c20b6b266547ef27c0ae3840cab5642d3c2aedf06b7026245671dd"
        },
        {
          "algorithm": "SHA1",
          "checksumValue": "ae3d39e59fd6edc05792a76cdf4f02a637f52e29"
        }
      ],
      "licenseConcluded": "NOASSERTION",
      "licenseInfoInFiles": [
        "NOASSERTION"
      ],
      "copyrightText": "NOASSERTION"
    },
    {
      "fileName": "./Microsoft.Extensions.DependencyInjection.Abstractions.dll",
      "SPDXID": "SPDXRef-File--Microsoft.Extensions.DependencyInjection.Abstractions.dll-3938D02B0803A5016A955A6662C8557B3416E3E1",
      "checksums": [
        {
          "algorithm": "SHA256",
          "checksumValue": "4e594bffd358313910cf45acce035d2ebc129fea8591de8ba40c3ba7e458b26b"
        },
        {
          "algorithm": "SHA1",
          "checksumValue": "3938d02b0803a5016a955a6662c8557b3416e3e1"
        }
      ],
      "licenseConcluded": "NOASSERTION",
      "licenseInfoInFiles": [
        "NOASSERTION"
      ],
      "copyrightText": "NOASSERTION"
    },
    {
      "fileName": "./RFIDServiceProvider.dll",
      "SPDXID": "SPDXRef-File--RFIDServiceProvider.dll-D84F1E3F435157CCE5EABA9037CD3343F881899B",
      "checksums": [
        {
          "algorithm": "SHA256",
          "checksumValue": "e5f47c3f724239447db39deaaa893bebea8b1fd9e625340b3e83e37d9dad7566"
        },
        {
          "algorithm": "SHA1",
          "checksumValue": "d84f1e3f435157cce5eaba9037cd3343f881899b"
        }
      ],
      "licenseConcluded": "NOASSERTION",
      "licenseInfoInFiles": [
        "NOASSERTION"
      ],
      "copyrightText": "NOASSERTION"
    },
    {
      "fileName": "./Prism.DryIoc.Wpf.dll",
      "SPDXID": "SPDXRef-File--Prism.DryIoc.Wpf.dll-7D712FD133BBD5DC2467D251C322CB99909813A3",
      "checksums": [
        {
          "algorithm": "SHA256",
          "checksumValue": "8e72f9e9ea8ab6faa8d1c079b5ddf7d95976c9cd222e2211c2e24716ba5e3050"
        },
        {
          "algorithm": "SHA1",
          "checksumValue": "7d712fd133bbd5dc2467d251c322cb99909813a3"
        }
      ],
      "licenseConcluded": "NOASSERTION",
      "licenseInfoInFiles": [
        "NOASSERTION"
      ],
      "copyrightText": "NOASSERTION"
    },
    {
      "fileName": "./CameraServiceProvider.dll",
      "SPDXID": "SPDXRef-File--CameraServiceProvider.dll-C70E12276E378B48685AF3DD46428D901FE0632E",
      "checksums": [
        {
          "algorithm": "SHA256",
          "checksumValue": "42d55a15181f6f51ffe854679484f43e113a1c1fa98a1949a112c5f685993961"
        },
        {
          "algorithm": "SHA1",
          "checksumValue": "c70e12276e378b48685af3dd46428d901fe0632e"
        }
      ],
      "licenseConcluded": "NOASSERTION",
      "licenseInfoInFiles": [
        "NOASSERTION"
      ],
      "copyrightText": "NOASSERTION"
    },
    {
      "fileName": "./Kxl.Localization.dll",
      "SPDXID": "SPDXRef-File--Kxl.Localization.dll-FFF0B07FF149787536E7195DD50883CA94E4D41A",
      "checksums": [
        {
          "algorithm": "SHA256",
          "checksumValue": "8b56536d4601ee8b418fcbccab9e393bf43e5302a6e8d7ed55a4bf9a8419082e"
        },
        {
          "algorithm": "SHA1",
          "checksumValue": "fff0b07ff149787536e7195dd50883ca94e4d41a"
        }
      ],
      "licenseConcluded": "NOASSERTION",
      "licenseInfoInFiles": [
        "NOASSERTION"
      ],
      "copyrightText": "NOASSERTION"
    },
    {
      "fileName": "./Kxl1B.exe",
      "SPDXID": "SPDXRef-File--Kxl1B.exe-9FBD0A43674E3B0C63363EDA2572AD587D80CE29",
      "checksums": [
        {
          "algorithm": "SHA256",
          "checksumValue": "68c3e56ab4dc4c07c09a66b5a3611586f02b166708052232fdd58df5cb86c892"
        },
        {
          "algorithm": "SHA1",
          "checksumValue": "9fbd0a43674e3b0c63363eda2572ad587d80ce29"
        }
      ],
      "licenseConcluded": "NOASSERTION",
      "licenseInfoInFiles": [
        "NOASSERTION"
      ],
      "copyrightText": "NOASSERTION"
    },
    {
      "fileName": "./Prism.Container.DryIoc.dll",
      "SPDXID": "SPDXRef-File--Prism.Container.DryIoc.dll-D3801E3062A8CDF130AC4FDE379FEFCDCE093898",
      "checksums": [
        {
          "algorithm": "SHA256",
          "checksumValue": "c747046a685e9e16e111d3eef85800c56f51158b39d77307d44ead087d7cbcd3"
        },
        {
          "algorithm": "SHA1",
          "checksumValue": "d3801e3062a8cdf130ac4fde379fefcdce093898"
        }
      ],
      "licenseConcluded": "NOASSERTION",
      "licenseInfoInFiles": [
        "NOASSERTION"
      ],
      "copyrightText": "NOASSERTION"
    },
    {
      "fileName": "./System.Diagnostics.EventLog.dll",
      "SPDXID": "SPDXRef-File--System.Diagnostics.EventLog.dll-E7EA00A6CE538F676D5A8181CE6084FF1ECF74F4",
      "checksums": [
        {
          "algorithm": "SHA256",
          "checksumValue": "39de52fa2b28549706af4d5ce9e276667ebab3fe814d07f305bcc1affef8d84c"
        },
        {
          "algorithm": "SHA1",
          "checksumValue": "e7ea00a6ce538f676d5a8181ce6084ff1ecf74f4"
        }
      ],
      "licenseConcluded": "NOASSERTION",
      "licenseInfoInFiles": [
        "NOASSERTION"
      ],
      "copyrightText": "NOASSERTION"
    },
    {
      "fileName": "./Kxl1B.Common.CryptographyData.dll",
      "SPDXID": "SPDXRef-File--Kxl1B.Common.CryptographyData.dll-DDF95EEEE3890872096E9B8867BFBC56F8C42D90",
      "checksums": [
        {
          "algorithm": "SHA256",
          "checksumValue": "2e1f146b53aa2a81a64dbc4af66d52ce18cb2897f055d3c6efaea1ba0b85daea"
        },
        {
          "algorithm": "SHA1",
          "checksumValue": "ddf95eeee3890872096e9b8867bfbc56f8c42d90"
        }
      ],
      "licenseConcluded": "NOASSERTION",
      "licenseInfoInFiles": [
        "NOASSERTION"
      ],
      "copyrightText": "NOASSERTION"
    },
    {
      "fileName": "./Kxl1B.pdb",
      "SPDXID": "SPDXRef-File--Kxl1B.pdb-B7FDFA0F8D16F72AEB506DCA4122231C70269862",
      "checksums": [
        {
          "algorithm": "SHA256",
          "checksumValue": "4f9dce85066dc3a86fa48d698bddb29a5c6827959b1c648a09bfd1b2b8b51f78"
        },
        {
          "algorithm": "SHA1",
          "checksumValue": "b7fdfa0f8d16f72aeb506dca4122231c70269862"
        }
      ],
      "licenseConcluded": "NOASSERTION",
      "licenseInfoInFiles": [
        "NOASSERTION"
      ],
      "copyrightText": "NOASSERTION"
    },
    {
      "fileName": "./Prism.dll",
      "SPDXID": "SPDXRef-File--Prism.dll-B5A6F5F69F47CBDB80C067FC1482631765F9BBAE",
      "checksums": [
        {
          "algorithm": "SHA256",
          "checksumValue": "f3d90e4c64c4ea39c0f8e22caeb7f24e329cdcbcc9dff9ae9338caf3156bf65e"
        },
        {
          "algorithm": "SHA1",
          "checksumValue": "b5a6f5f69f47cbdb80c067fc1482631765f9bbae"
        }
      ],
      "licenseConcluded": "NOASSERTION",
      "licenseInfoInFiles": [
        "NOASSERTION"
      ],
      "copyrightText": "NOASSERTION"
    },
    {
      "fileName": "./System.Diagnostics.EventLog.Messages.dll",
      "SPDXID": "SPDXRef-File--System.Diagnostics.EventLog.Messages.dll-86952CE738C511DA84C5889376F35895BDB55EC9",
      "checksums": [
        {
          "algorithm": "SHA256",
          "checksumValue": "b2548e0afa6f3587bf88485dd6bc9303bdc2786ea2ec97a6f0c6338a1ddeab11"
        },
        {
          "algorithm": "SHA1",
          "checksumValue": "86952ce738c511da84c5889376f35895bdb55ec9"
        }
      ],
      "licenseConcluded": "NOASSERTION",
      "licenseInfoInFiles": [
        "NOASSERTION"
      ],
      "copyrightText": "NOASSERTION"
    },
    {
      "fileName": "./Resources/Audio/2-second.wav",
      "SPDXID": "SPDXRef-File--Resources-Audio-2-second.wav-BDBEBC8EA3FF4576DEE66FDDC37D5E50F739CB3A",
      "checksums": [
        {
          "algorithm": "SHA256",
          "checksumValue": "87189365c83867316e0416449ee453b9d1ebab13bd97a79520a24f3f170a1e51"
        },
        {
          "algorithm": "SHA1",
          "checksumValue": "bdbebc8ea3ff4576dee66fddc37d5e50f739cb3a"
        }
      ],
      "licenseConcluded": "NOASSERTION",
      "licenseInfoInFiles": [
        "NOASSERTION"
      ],
      "copyrightText": "NOASSERTION"
    },
    {
      "fileName": "./Prism.Wpf.dll",
      "SPDXID": "SPDXRef-File--Prism.Wpf.dll-9E0B241EDAFE33AB1918556EF2482E5C39FE2314",
      "checksums": [
        {
          "algorithm": "SHA256",
          "checksumValue": "9edb6fe1c6ea579e8d6c9288b23e606e60f6e7b48f53749637a6df042a548fb9"
        },
        {
          "algorithm": "SHA1",
          "checksumValue": "9e0b241edafe33ab1918556ef2482e5c39fe2314"
        }
      ],
      "licenseConcluded": "NOASSERTION",
      "licenseInfoInFiles": [
        "NOASSERTION"
      ],
      "copyrightText": "NOASSERTION"
    },
    {
      "fileName": "./System.Security.Cryptography.ProtectedData.dll",
      "SPDXID": "SPDXRef-File--System.Security.Cryptography.ProtectedData.dll-45F40F056442F6AADE9F6DE5A37E1355891E63DD",
      "checksums": [
        {
          "algorithm": "SHA256",
          "checksumValue": "1a15a75fb362bf50259ad3d871bf203914207816ecb924b4718b9bd680763e14"
        },
        {
          "algorithm": "SHA1",
          "checksumValue": "45f40f056442f6aade9f6de5a37e1355891e63dd"
        }
      ],
      "licenseConcluded": "NOASSERTION",
      "licenseInfoInFiles": [
        "NOASSERTION"
      ],
      "copyrightText": "NOASSERTION"
    },
    {
      "fileName": "./Resources/Audio/Silence.wav",
      "SPDXID": "SPDXRef-File--Resources-Audio-Silence.wav-F5EB866244BF8941080FF694DBB047DDE9FB6399",
      "checksums": [
        {
          "algorithm": "SHA256",
          "checksumValue": "d67ef21d0791383b0e48b5a9aa17fedb4afe83ae480d40998a4256b0588083fc"
        },
        {
          "algorithm": "SHA1",
          "checksumValue": "f5eb866244bf8941080ff694dbb047dde9fb6399"
        }
      ],
      "licenseConcluded": "NOASSERTION",
      "licenseInfoInFiles": [
        "NOASSERTION"
      ],
      "copyrightText": "NOASSERTION"
    },
    {
      "fileName": "./Cards/Active.json",
      "SPDXID": "SPDXRef-File--Cards-Active.json-CDC2EEBD4AFB2E09422A4952A15C3A28230E6E59",
      "checksums": [
        {
          "algorithm": "SHA256",
          "checksumValue": "3e978f828d7ba54c709598f58bbc8f0ee99c96dedcd20f17867c2244151a7d0d"
        },
        {
          "algorithm": "SHA1",
          "checksumValue": "cdc2eebd4afb2e09422a4952a15c3a28230e6e59"
        }
      ],
      "licenseConcluded": "NOASSERTION",
      "licenseInfoInFiles": [
        "NOASSERTION"
      ],
      "copyrightText": "NOASSERTION"
    },
    {
      "fileName": "./Resources/Audio/start-treatment.wav",
      "SPDXID": "SPDXRef-File--Resources-Audio-start-treatment.wav-CB03FE26149A5478DB12FCF47882CC7B3FA0BBE0",
      "checksums": [
        {
          "algorithm": "SHA256",
          "checksumValue": "ac89b4f72bdef53fe829b5f1b94aa4a14293de95fc745a182b6c86fa47e1c77f"
        },
        {
          "algorithm": "SHA1",
          "checksumValue": "cb03fe26149a5478db12fcf47882cc7b3fa0bbe0"
        }
      ],
      "licenseConcluded": "NOASSERTION",
      "licenseInfoInFiles": [
        "NOASSERTION"
      ],
      "copyrightText": "NOASSERTION"
    },
    {
      "fileName": "./Keys/pukV2.pem",
      "SPDXID": "SPDXRef-File--Keys-pukV2.pem-AAD7790061FC4E172E8B199F87464470B4CBC819",
      "checksums": [
        {
          "algorithm": "SHA256",
          "checksumValue": "a9b451299d0ab6142d4d460e2272b0491b8d2cf61a554d2f1173330dcbd5930a"
        },
        {
          "algorithm": "SHA1",
          "checksumValue": "aad7790061fc4e172e8b199f87464470b4cbc819"
        }
      ],
      "licenseConcluded": "NOASSERTION",
      "licenseInfoInFiles": [
        "NOASSERTION"
      ],
      "copyrightText": "NOASSERTION"
    },
    {
      "fileName": "./Resources/Audio/tone-reminder.wav",
      "SPDXID": "SPDXRef-File--Resources-Audio-tone-reminder.wav-6E52EEB5A88049474606E5BC37C00E7146FF4F54",
      "checksums": [
        {
          "algorithm": "SHA256",
          "checksumValue": "c33213cb328079caf024d17e1773e947ed86dc8280c3d013a675d304067c5d54"
        },
        {
          "algorithm": "SHA1",
          "checksumValue": "6e52eeb5a88049474606e5bc37c00e7146ff4f54"
        }
      ],
      "licenseConcluded": "NOASSERTION",
      "licenseInfoInFiles": [
        "NOASSERTION"
      ],
      "copyrightText": "NOASSERTION"
    },
    {
      "fileName": "./Resources/Audio/1-first.wav",
      "SPDXID": "SPDXRef-File--Resources-Audio-1-first.wav-864600E0B07D1E2BC25CF75802BE74DFB971C685",
      "checksums": [
        {
          "algorithm": "SHA256",
          "checksumValue": "224b87edd72d915ad49d67cbfafa2ce994d8d49df91511a9130834fe88ec7bb9"
        },
        {
          "algorithm": "SHA1",
          "checksumValue": "864600e0b07d1e2bc25cf75802be74dfb971c685"
        }
      ],
      "licenseConcluded": "NOASSERTION",
      "licenseInfoInFiles": [
        "NOASSERTION"
      ],
      "copyrightText": "NOASSERTION"
    },
    {
      "fileName": "./Resources/Video/Glaukos.mp4",
      "SPDXID": "SPDXRef-File--Resources-Video-Glaukos.mp4-B91282124DEFF3198D815EDC238F51CFF4FDEB9B",
      "checksums": [
        {
          "algorithm": "SHA256",
          "checksumValue": "1eb9e195aaf98db3b1d88117a59284847446bae8db62ea9c822a102f1ad3dcdb"
        },
        {
          "algorithm": "SHA1",
          "checksumValue": "b91282124deff3198d815edc238f51cff4fdeb9b"
        }
      ],
      "licenseConcluded": "NOASSERTION",
      "licenseInfoInFiles": [
        "NOASSERTION"
      ],
      "copyrightText": "NOASSERTION"
    },
    {
      "fileName": "./System.Management.dll",
      "SPDXID": "SPDXRef-File--System.Management.dll-9BD523146CB707F7E480E6BA1F610B5F28370B52",
      "checksums": [
        {
          "algorithm": "SHA256",
          "checksumValue": "67f0621fcd09e8a65e4b2b95f94fd99aaece6cbad16b42fce0b2e6197ba98ae8"
        },
        {
          "algorithm": "SHA1",
          "checksumValue": "9bd523146cb707f7e480e6ba1f610b5f28370b52"
        }
      ],
      "licenseConcluded": "NOASSERTION",
      "licenseInfoInFiles": [
        "NOASSERTION"
      ],
      "copyrightText": "NOASSERTION"
    },
    {
      "fileName": "./Resources/Audio/done-done2.wav",
      "SPDXID": "SPDXRef-File--Resources-Audio-done-done2.wav-F0AF2E3D0C4C82F691C2544100EE2FA25EACEF28",
      "checksums": [
        {
          "algorithm": "SHA256",
          "checksumValue": "a3e3bea9336b34d830c659afac42b7f616e8eae15a20f75faeb2dd171c996bce"
        },
        {
          "algorithm": "SHA1",
          "checksumValue": "f0af2e3d0c4c82f691c2544100ee2fa25eacef28"
        }
      ],
      "licenseConcluded": "NOASSERTION",
      "licenseInfoInFiles": [
        "NOASSERTION"
      ],
      "copyrightText": "NOASSERTION"
    },
    {
      "fileName": "./System.CodeDom.dll",
      "SPDXID": "SPDXRef-File--System.CodeDom.dll-BC81727D8F828A673C1EEA4666B5976B5190A297",
      "checksums": [
        {
          "algorithm": "SHA256",
          "checksumValue": "763c881ee2b87c7254d6f61c303b5de3b59282fcf1448eab7c797bff4e0ea989"
        },
        {
          "algorithm": "SHA1",
          "checksumValue": "bc81727d8f828a673c1eea4666b5976b5190a297"
        }
      ],
      "licenseConcluded": "NOASSERTION",
      "licenseInfoInFiles": [
        "NOASSERTION"
      ],
      "copyrightText": "NOASSERTION"
    },
    {
      "fileName": "./Keys/pukf2.akf",
      "SPDXID": "SPDXRef-File--Keys-pukf2.akf-88D3281BCA381BE63CF8F81DDD4EF5453803CC52",
      "checksums": [
        {
          "algorithm": "SHA256",
          "checksumValue": "b14a2819eca6301704e61a2a151c810288ed1aebc85892e6f7d6cdaed93a4ead"
        },
        {
          "algorithm": "SHA1",
          "checksumValue": "88d3281bca381be63cf8f81ddd4ef5453803cc52"
        }
      ],
      "licenseConcluded": "NOASSERTION",
      "licenseInfoInFiles": [
        "NOASSERTION"
      ],
      "copyrightText": "NOASSERTION"
    },
    {
      "fileName": "./Resources/Audio/tone-pause.wav",
      "SPDXID": "SPDXRef-File--Resources-Audio-tone-pause.wav-DA501BC9B90BEFE0DF1BE7BDD49F1F1C7D713685",
      "checksums": [
        {
          "algorithm": "SHA256",
          "checksumValue": "5a650e64f14960fc2fa812fb095a0c8f6793114bafbe79e92299478dd247e0e7"
        },
        {
          "algorithm": "SHA1",
          "checksumValue": "da501bc9b90befe0df1be7bdd49f1f1c7d713685"
        }
      ],
      "licenseConcluded": "NOASSERTION",
      "licenseInfoInFiles": [
        "NOASSERTION"
      ],
      "copyrightText": "NOASSERTION"
    },
    {
      "fileName": "./System.IO.Ports.dll",
      "SPDXID": "SPDXRef-File--System.IO.Ports.dll-C4C2452BA747385D059A265E368515FCBA1FC709",
      "checksums": [
        {
          "algorithm": "SHA256",
          "checksumValue": "eaf4131ff4356baf8faf85955b9115b56c89a7abf6f10306bbc35cd104f02ccf"
        },
        {
          "algorithm": "SHA1",
          "checksumValue": "c4c2452ba747385d059a265e368515fcba1fc709"
        }
      ],
      "licenseConcluded": "NOASSERTION",
      "licenseInfoInFiles": [
        "NOASSERTION"
      ],
      "copyrightText": "NOASSERTION"
    },
    {
      "fileName": "./Resources/Audio/3-third.wav",
      "SPDXID": "SPDXRef-File--Resources-Audio-3-third.wav-6FB3BB2B3316D5E8292B1F61915D2B3C2325A002",
      "checksums": [
        {
          "algorithm": "SHA256",
          "checksumValue": "8d8040b77e7359fbf63a0cbdd91aed6a07318e5202e50ea46e31adb0ccd72de9"
        },
        {
          "algorithm": "SHA1",
          "checksumValue": "6fb3bb2b3316d5e8292b1f61915d2b3c2325a002"
        }
      ],
      "licenseConcluded": "NOASSERTION",
      "licenseInfoInFiles": [
        "NOASSERTION"
      ],
      "copyrightText": "NOASSERTION"
    }
  ],
  "packages": [
    {
      "name": "runtime.native.System.IO.Ports",
      "SPDXID": "SPDXRef-Package-66A3486AA9261F7E5DC0B506BC65D4A3F78E62457243EF99F561FA136E63868C",
      "downloadLocation": "NOASSERTION",
      "filesAnalyzed": false,
      "licenseConcluded": "NOASSERTION",
      "licenseDeclared": "MIT",
      "copyrightText": "NOASSERTION",
      "versionInfo": "9.0.6",
      "externalRefs": [
        {
          "referenceCategory": "PACKAGE-MANAGER",
          "referenceType": "purl",
          "referenceLocator": "pkg:nuget/runtime.native.System.IO.Ports@9.0.6"
        }
      ],
      "supplier": "Organization: Microsoft"
    },
    {
      "name": "runtime.android-x86.runtime.native.System.IO.Ports",
      "SPDXID": "SPDXRef-Package-4048520968335AAF2869F01AA41984B97EDD8F21DB14E049B17DECA2BD989109",
      "downloadLocation": "NOASSERTION",
      "filesAnalyzed": false,
      "licenseConcluded": "NOASSERTION",
      "licenseDeclared": "MIT",
      "copyrightText": "NOASSERTION",
      "versionInfo": "9.0.6",
      "externalRefs": [
        {
          "referenceCategory": "PACKAGE-MANAGER",
          "referenceType": "purl",
          "referenceLocator": "pkg:nuget/runtime.android-x86.runtime.native.System.IO.Ports@9.0.6"
        }
      ],
      "supplier": "Organization: Microsoft"
    },
    {
      "name": "runtime.android-arm.runtime.native.System.IO.Ports",
      "SPDXID": "SPDXRef-Package-8CAD6AA2C972E849F88584E3ACBCED6B6E2684EBE598229CD060BC3DF1578B34",
      "downloadLocation": "NOASSERTION",
      "filesAnalyzed": false,
      "licenseConcluded": "NOASSERTION",
      "licenseDeclared": "MIT",
      "copyrightText": "NOASSERTION",
      "versionInfo": "9.0.6",
      "externalRefs": [
        {
          "referenceCategory": "PACKAGE-MANAGER",
          "referenceType": "purl",
          "referenceLocator": "pkg:nuget/runtime.android-arm.runtime.native.System.IO.Ports@9.0.6"
        }
      ],
      "supplier": "Organization: Microsoft"
    },
    {
      "name": "System.IO.Ports",
      "SPDXID": "SPDXRef-Package-4F2B4188CBC3F79DDB42F65C57E3ABF6D7544DCBED02C156A580A4C6024ADA29",
      "downloadLocation": "NOASSERTION",
      "filesAnalyzed": false,
      "licenseConcluded": "NOASSERTION",
      "licenseDeclared": "MIT",
      "copyrightText": "NOASSERTION",
      "versionInfo": "9.0.6",
      "externalRefs": [
        {
          "referenceCategory": "PACKAGE-MANAGER",
          "referenceType": "purl",
          "referenceLocator": "pkg:nuget/System.IO.Ports@9.0.6"
        }
      ],
      "supplier": "Organization: Microsoft"
    },
    {
      "name": "runtime.linux-musl-x64.runtime.native.System.IO.Ports",
      "SPDXID": "SPDXRef-Package-8B0A6811DB57687DBFC4C6C48DF26A0726C1CB6DD2BB6C65ACFD8907FF4CE7EC",
      "downloadLocation": "NOASSERTION",
      "filesAnalyzed": false,
      "licenseConcluded": "NOASSERTION",
      "licenseDeclared": "MIT",
      "copyrightText": "NOASSERTION",
      "versionInfo": "9.0.6",
      "externalRefs": [
        {
          "referenceCategory": "PACKAGE-MANAGER",
          "referenceType": "purl",
          "referenceLocator": "pkg:nuget/runtime.linux-musl-x64.runtime.native.System.IO.Ports@9.0.6"
        }
      ],
      "supplier": "Organization: Microsoft"
    },
    {
      "name": "runtime.maccatalyst-arm64.runtime.native.System.IO.Ports",
      "SPDXID": "SPDXRef-Package-C3BD0DD416A492178BC737F0C40D288F6E42A26A9292BFAE709E20D64A1AF376",
      "downloadLocation": "NOASSERTION",
      "filesAnalyzed": false,
      "licenseConcluded": "NOASSERTION",
      "licenseDeclared": "MIT",
      "copyrightText": "NOASSERTION",
      "versionInfo": "9.0.6",
      "externalRefs": [
        {
          "referenceCategory": "PACKAGE-MANAGER",
          "referenceType": "purl",
          "referenceLocator": "pkg:nuget/runtime.maccatalyst-arm64.runtime.native.System.IO.Ports@9.0.6"
        }
      ],
      "supplier": "Organization: Microsoft"
    },
    {
      "name": "runtime.linux-bionic-x64.runtime.native.System.IO.Ports",
      "SPDXID": "SPDXRef-Package-62866214B5A224D53B4BD19894D0C4DE7DEAAD8F48259BE2FE32D6AF798E2E72",
      "downloadLocation": "NOASSERTION",
      "filesAnalyzed": false,
      "licenseConcluded": "NOASSERTION",
      "licenseDeclared": "MIT",
      "copyrightText": "NOASSERTION",
      "versionInfo": "9.0.6",
      "externalRefs": [
        {
          "referenceCategory": "PACKAGE-MANAGER",
          "referenceType": "purl",
          "referenceLocator": "pkg:nuget/runtime.linux-bionic-x64.runtime.native.System.IO.Ports@9.0.6"
        }
      ],
      "supplier": "Organization: Microsoft"
    },
    {
      "name": "runtime.maccatalyst-x64.runtime.native.System.IO.Ports",
      "SPDXID": "SPDXRef-Package-C976DE0E81D0F063F8DAB0B2536A8334F497B965A352DA1701BC3AFC9B84F212",
      "downloadLocation": "NOASSERTION",
      "filesAnalyzed": false,
      "licenseConcluded": "NOASSERTION",
      "licenseDeclared": "MIT",
      "copyrightText": "NOASSERTION",
      "versionInfo": "9.0.6",
      "externalRefs": [
        {
          "referenceCategory": "PACKAGE-MANAGER",
          "referenceType": "purl",
          "referenceLocator": "pkg:nuget/runtime.maccatalyst-x64.runtime.native.System.IO.Ports@9.0.6"
        }
      ],
      "supplier": "Organization: Microsoft"
    },
    {
      "name": "runtime.osx-x64.runtime.native.System.IO.Ports",
      "SPDXID": "SPDXRef-Package-22DB299DE725EC9AAE02845DCD22A70E80130CFC7B8EB7067BE47477A58EE602",
      "downloadLocation": "NOASSERTION",
      "filesAnalyzed": false,
      "licenseConcluded": "NOASSERTION",
      "licenseDeclared": "MIT",
      "copyrightText": "NOASSERTION",
      "versionInfo": "9.0.6",
      "externalRefs": [
        {
          "referenceCategory": "PACKAGE-MANAGER",
          "referenceType": "purl",
          "referenceLocator": "pkg:nuget/runtime.osx-x64.runtime.native.System.IO.Ports@9.0.6"
        }
      ],
      "supplier": "Organization: Microsoft"
    },
    {
      "name": "runtime.osx-arm64.runtime.native.System.IO.Ports",
      "SPDXID": "SPDXRef-Package-AE85968BA8DD66E27DC1BE71EFA8AE4AEC112469FBB651151FAD47973CC33244",
      "downloadLocation": "NOASSERTION",
      "filesAnalyzed": false,
      "licenseConcluded": "NOASSERTION",
      "licenseDeclared": "MIT",
      "copyrightText": "NOASSERTION",
      "versionInfo": "9.0.6",
      "externalRefs": [
        {
          "referenceCategory": "PACKAGE-MANAGER",
          "referenceType": "purl",
          "referenceLocator": "pkg:nuget/runtime.osx-arm64.runtime.native.System.IO.Ports@9.0.6"
        }
      ],
      "supplier": "Organization: Microsoft"
    },
    {
      "name": "runtime.linux-x64.runtime.native.System.IO.Ports",
      "SPDXID": "SPDXRef-Package-DEE9E8835104690967FD2AA6100382AF2CEEE0D479F79D2F5D05EE40740F2F9F",
      "downloadLocation": "NOASSERTION",
      "filesAnalyzed": false,
      "licenseConcluded": "NOASSERTION",
      "licenseDeclared": "MIT",
      "copyrightText": "NOASSERTION",
      "versionInfo": "9.0.6",
      "externalRefs": [
        {
          "referenceCategory": "PACKAGE-MANAGER",
          "referenceType": "purl",
          "referenceLocator": "pkg:nuget/runtime.linux-x64.runtime.native.System.IO.Ports@9.0.6"
        }
      ],
      "supplier": "Organization: Microsoft"
    },
    {
      "name": "runtime.linux-arm64.runtime.native.System.IO.Ports",
      "SPDXID": "SPDXRef-Package-A2A1CB89E830C9692FA5AD4B19F487255A44A2DC8902861881F3AAE381B16E7F",
      "downloadLocation": "NOASSERTION",
      "filesAnalyzed": false,
      "licenseConcluded": "NOASSERTION",
      "licenseDeclared": "MIT",
      "copyrightText": "NOASSERTION",
      "versionInfo": "9.0.6",
      "externalRefs": [
        {
          "referenceCategory": "PACKAGE-MANAGER",
          "referenceType": "purl",
          "referenceLocator": "pkg:nuget/runtime.linux-arm64.runtime.native.System.IO.Ports@9.0.6"
        }
      ],
      "supplier": "Organization: Microsoft"
    },
    {
      "name": "Prism.Container.Abstractions",
      "SPDXID": "SPDXRef-Package-6B67DA14C371E5A767C51659D57CD0F243DAC16616FBA21EC02AE5FC987F5423",
      "downloadLocation": "NOASSERTION",
      "filesAnalyzed": false,
      "licenseConcluded": "NOASSERTION",
      "licenseDeclared": "NOASSERTION",
      "copyrightText": "NOASSERTION",
      "versionInfo": "9.0.106",
      "externalRefs": [
        {
          "referenceCategory": "PACKAGE-MANAGER",
          "referenceType": "purl",
          "referenceLocator": "pkg:nuget/Prism.Container.Abstractions@9.0.106"
        }
      ],
      "supplier": "Organization: Brian Lagunas"
    },
    {
      "name": "runtime.linux-musl-arm64.runtime.native.System.IO.Ports",
      "SPDXID": "SPDXRef-Package-503607E948A3BAFD01D782C631931A6F24B360C29DF4DC3E67F16CCBF8474AB9",
      "downloadLocation": "NOASSERTION",
      "filesAnalyzed": false,
      "licenseConcluded": "NOASSERTION",
      "licenseDeclared": "MIT",
      "copyrightText": "NOASSERTION",
      "versionInfo": "9.0.6",
      "externalRefs": [
        {
          "referenceCategory": "PACKAGE-MANAGER",
          "referenceType": "purl",
          "referenceLocator": "pkg:nuget/runtime.linux-musl-arm64.runtime.native.System.IO.Ports@9.0.6"
        }
      ],
      "supplier": "Organization: Microsoft"
    },
    {
      "name": "runtime.android-arm64.runtime.native.System.IO.Ports",
      "SPDXID": "SPDXRef-Package-8C4EE9C80D60F944EBF7DA4773101F774E9523080B07EE4075981DC4C47C92BE",
      "downloadLocation": "NOASSERTION",
      "filesAnalyzed": false,
      "licenseConcluded": "NOASSERTION",
      "licenseDeclared": "MIT",
      "copyrightText": "NOASSERTION",
      "versionInfo": "9.0.6",
      "externalRefs": [
        {
          "referenceCategory": "PACKAGE-MANAGER",
          "referenceType": "purl",
          "referenceLocator": "pkg:nuget/runtime.android-arm64.runtime.native.System.IO.Ports@9.0.6"
        }
      ],
      "supplier": "Organization: Microsoft"
    },
    {
      "name": "runtime.android-x64.runtime.native.System.IO.Ports",
      "SPDXID": "SPDXRef-Package-3B08C87A8B8A12A94817EEBDE0C1961439917A5BA86AEA4F95BA90F62C154D4E",
      "downloadLocation": "NOASSERTION",
      "filesAnalyzed": false,
      "licenseConcluded": "NOASSERTION",
      "licenseDeclared": "MIT",
      "copyrightText": "NOASSERTION",
      "versionInfo": "9.0.6",
      "externalRefs": [
        {
          "referenceCategory": "PACKAGE-MANAGER",
          "referenceType": "purl",
          "referenceLocator": "pkg:nuget/runtime.android-x64.runtime.native.System.IO.Ports@9.0.6"
        }
      ],
      "supplier": "Organization: Microsoft"
    },
    {
      "name": "runtime.linux-bionic-arm64.runtime.native.System.IO.Ports",
      "SPDXID": "SPDXRef-Package-1575F4B17BC899A42F38D4564DDF6E7358BE6CE2D3B1DD840A6CDD31697BEC82",
      "downloadLocation": "NOASSERTION",
      "filesAnalyzed": false,
      "licenseConcluded": "NOASSERTION",
      "licenseDeclared": "MIT",
      "copyrightText": "NOASSERTION",
      "versionInfo": "9.0.6",
      "externalRefs": [
        {
          "referenceCategory": "PACKAGE-MANAGER",
          "referenceType": "purl",
          "referenceLocator": "pkg:nuget/runtime.linux-bionic-arm64.runtime.native.System.IO.Ports@9.0.6"
        }
      ],
      "supplier": "Organization: Microsoft"
    },
    {
      "name": "Prism.Core",
      "SPDXID": "SPDXRef-Package-5E79D50E0EEBCB9826AA15CE30D3DD11C3122557EFB4BB0270B0C98A9E6E5234",
      "downloadLocation": "NOASSERTION",
      "filesAnalyzed": false,
      "licenseConcluded": "NOASSERTION",
      "licenseDeclared": "NOASSERTION",
      "copyrightText": "NOASSERTION",
      "versionInfo": "9.0.537",
      "externalRefs": [
        {
          "referenceCategory": "PACKAGE-MANAGER",
          "referenceType": "purl",
          "referenceLocator": "pkg:nuget/Prism.Core@9.0.537"
        }
      ],
      "supplier": "Organization: Brian Lagunas"
    },
    {
      "name": "Microsoft.Xaml.Behaviors.Wpf",
      "SPDXID": "SPDXRef-Package-8CFCF03831BD92E7F17E3A039A0C32F28BD152FFFC40439C4296EE810556DC76",
      "downloadLocation": "NOASSERTION",
      "filesAnalyzed": false,
      "licenseConcluded": "NOASSERTION",
      "licenseDeclared": "MIT",
      "copyrightText": "NOASSERTION",
      "versionInfo": "1.1.135",
      "externalRefs": [
        {
          "referenceCategory": "PACKAGE-MANAGER",
          "referenceType": "purl",
          "referenceLocator": "pkg:nuget/Microsoft.Xaml.Behaviors.Wpf@1.1.135"
        }
      ],
      "supplier": "Organization: Microsoft"
    },
    {
      "name": "System.Management",
      "SPDXID": "SPDXRef-Package-4951F522E269078C6032DFFCE64945539663E74538D38A2E767AF1CBEDC4BA67",
      "downloadLocation": "NOASSERTION",
      "filesAnalyzed": false,
      "licenseConcluded": "NOASSERTION",
      "licenseDeclared": "MIT",
      "copyrightText": "NOASSERTION",
      "versionInfo": "9.0.6",
      "externalRefs": [
        {
          "referenceCategory": "PACKAGE-MANAGER",
          "referenceType": "purl",
          "referenceLocator": "pkg:nuget/System.Management@9.0.6"
        }
      ],
      "supplier": "Organization: Microsoft"
    },
    {
      "name": "runtime.linux-arm.runtime.native.System.IO.Ports",
      "SPDXID": "SPDXRef-Package-B232A343151CCD5740FC2B4D0DA43DABDE05B47E4A236DEAC13A41DCB193B687",
      "downloadLocation": "NOASSERTION",
      "filesAnalyzed": false,
      "licenseConcluded": "NOASSERTION",
      "licenseDeclared": "MIT",
      "copyrightText": "NOASSERTION",
      "versionInfo": "9.0.6",
      "externalRefs": [
        {
          "referenceCategory": "PACKAGE-MANAGER",
          "referenceType": "purl",
          "referenceLocator": "pkg:nuget/runtime.linux-arm.runtime.native.System.IO.Ports@9.0.6"
        }
      ],
      "supplier": "Organization: Microsoft"
    },
    {
      "name": "runtime.linux-musl-arm.runtime.native.System.IO.Ports",
      "SPDXID": "SPDXRef-Package-1B05DF5BBE8F5B00812B41D2C263483EA18F703E40B543BA7F3BF44B34E85F08",
      "downloadLocation": "NOASSERTION",
      "filesAnalyzed": false,
      "licenseConcluded": "NOASSERTION",
      "licenseDeclared": "MIT",
      "copyrightText": "NOASSERTION",
      "versionInfo": "9.0.6",
      "externalRefs": [
        {
          "referenceCategory": "PACKAGE-MANAGER",
          "referenceType": "purl",
          "referenceLocator": "pkg:nuget/runtime.linux-musl-arm.runtime.native.System.IO.Ports@9.0.6"
        }
      ],
      "supplier": "Organization: Microsoft"
    },
    {
      "name": "Prism.DryIoc",
      "SPDXID": "SPDXRef-Package-4FD26F4BA5CA015543040AD0ABBF0E73EDBE705DC363A19C76707B622DBE4B6A",
      "downloadLocation": "NOASSERTION",
      "filesAnalyzed": false,
      "licenseConcluded": "NOASSERTION",
      "licenseDeclared": "NOASSERTION",
      "copyrightText": "NOASSERTION",
      "versionInfo": "9.0.537",
      "externalRefs": [
        {
          "referenceCategory": "PACKAGE-MANAGER",
          "referenceType": "purl",
          "referenceLocator": "pkg:nuget/Prism.DryIoc@9.0.537"
        }
      ],
      "supplier": "Organization: Brian Lagunas"
    },
    {
      "name": "Basler.Pylon.NET.x64",
      "SPDXID": "SPDXRef-Package-6F14A71002EE7BC360C9C534A3294DFE9C4CBF2BC2A2874833E0D44F2146EB68",
      "downloadLocation": "NOASSERTION",
      "filesAnalyzed": false,
      "licenseConcluded": "NOASSERTION",
      "licenseDeclared": "NOASSERTION",
      "copyrightText": "NOASSERTION",
      "versionInfo": "7.3.0.19429",
      "externalRefs": [
        {
          "referenceCategory": "PACKAGE-MANAGER",
          "referenceType": "purl",
          "referenceLocator": "pkg:nuget/Basler.Pylon.NET.x64@7.3.0.19429"
        }
      ],
      "supplier": "Organization: Basler"
    },
    {
      "name": "DryIoc.dll",
      "SPDXID": "SPDXRef-Package-2C0B844137C645FD38210B546B27BB39E1D807EB7059CD721F7EF74D8297ACF6",
      "downloadLocation": "NOASSERTION",
      "filesAnalyzed": false,
      "licenseConcluded": "NOASSERTION",
      "licenseDeclared": "MIT",
      "copyrightText": "NOASSERTION",
      "versionInfo": "5.4.3",
      "externalRefs": [
        {
          "referenceCategory": "PACKAGE-MANAGER",
          "referenceType": "purl",
          "referenceLocator": "pkg:nuget/DryIoc.dll@5.4.3"
        }
      ],
      "supplier": "Organization: Maksim Volkau"
    },
    {
      "name": "Microsoft.Extensions.DependencyInjection.Abstractions",
      "SPDXID": "SPDXRef-Package-1586F9EE572B6DEDFE478329D5C8D22342F4546D63C6A8D0373D24F721C8414F",
      "downloadLocation": "NOASSERTION",
      "filesAnalyzed": false,
      "licenseConcluded": "NOASSERTION",
      "licenseDeclared": "MIT",
      "copyrightText": "NOASSERTION",
      "versionInfo": "8.0.1",
      "externalRefs": [
        {
          "referenceCategory": "PACKAGE-MANAGER",
          "referenceType": "purl",
          "referenceLocator": "pkg:nuget/Microsoft.Extensions.DependencyInjection.Abstractions@8.0.1"
        }
      ],
      "supplier": "Organization: Microsoft"
    },
    {
      "name": "System.Diagnostics.EventLog",
      "SPDXID": "SPDXRef-Package-0EBD5C78906C92F1B99812EC33D7279AFEAECB4CE97A55A1A495225F58E18552",
      "downloadLocation": "NOASSERTION",
      "filesAnalyzed": false,
      "licenseConcluded": "NOASSERTION",
      "licenseDeclared": "MIT",
      "copyrightText": "NOASSERTION",
      "versionInfo": "9.0.6",
      "externalRefs": [
        {
          "referenceCategory": "PACKAGE-MANAGER",
          "referenceType": "purl",
          "referenceLocator": "pkg:nuget/System.Diagnostics.EventLog@9.0.6"
        }
      ],
      "supplier": "Organization: Microsoft"
    },
    {
      "name": "System.ComponentModel.Annotations",
      "SPDXID": "SPDXRef-Package-900A3A6A034596DDD0C57886B9E3EFD18726EBFC880D1B011E36E77D5CBB22DB",
      "downloadLocation": "NOASSERTION",
      "filesAnalyzed": false,
      "licenseConcluded": "NOASSERTION",
      "licenseDeclared": "MIT",
      "copyrightText": "NOASSERTION",
      "versionInfo": "5.0.0",
      "externalRefs": [
        {
          "referenceCategory": "PACKAGE-MANAGER",
          "referenceType": "purl",
          "referenceLocator": "pkg:nuget/System.ComponentModel.Annotations@5.0.0"
        }
      ],
      "supplier": "Organization: Microsoft"
    },
    {
      "name": "Prism.Wpf",
      "SPDXID": "SPDXRef-Package-4CB831552F22D1358276113C90129B212C62A3368D239338379BE7B7A64A69FD",
      "downloadLocation": "NOASSERTION",
      "filesAnalyzed": false,
      "licenseConcluded": "NOASSERTION",
      "licenseDeclared": "NOASSERTION",
      "copyrightText": "NOASSERTION",
      "versionInfo": "9.0.537",
      "externalRefs": [
        {
          "referenceCategory": "PACKAGE-MANAGER",
          "referenceType": "purl",
          "referenceLocator": "pkg:nuget/Prism.Wpf@9.0.537"
        }
      ],
      "supplier": "Organization: Brian Lagunas"
    },
    {
      "name": "Prism.Events",
      "SPDXID": "SPDXRef-Package-3A83CB7E531D92E2FD46D0503EFF27C237E95573AA0F9F58D61FF4047C9159B8",
      "downloadLocation": "NOASSERTION",
      "filesAnalyzed": false,
      "licenseConcluded": "NOASSERTION",
      "licenseDeclared": "NOASSERTION",
      "copyrightText": "NOASSERTION",
      "versionInfo": "9.0.537",
      "externalRefs": [
        {
          "referenceCategory": "PACKAGE-MANAGER",
          "referenceType": "purl",
          "referenceLocator": "pkg:nuget/Prism.Events@9.0.537"
        }
      ],
      "supplier": "Organization: Brian Lagunas"
    },
    {
      "name": "System.Configuration.ConfigurationManager",
      "SPDXID": "SPDXRef-Package-A972B4F4403E84B67E51655FBE116FE1BD442FABB41C2E386CC950B87E5F8DCF",
      "downloadLocation": "NOASSERTION",
      "filesAnalyzed": false,
      "licenseConcluded": "NOASSERTION",
      "licenseDeclared": "MIT",
      "copyrightText": "NOASSERTION",
      "versionInfo": "9.0.6",
      "externalRefs": [
        {
          "referenceCategory": "PACKAGE-MANAGER",
          "referenceType": "purl",
          "referenceLocator": "pkg:nuget/System.Configuration.ConfigurationManager@9.0.6"
        }
      ],
      "supplier": "Organization: Microsoft"
    },
    {
      "name": "System.CodeDom",
      "SPDXID": "SPDXRef-Package-873C97861E26E57040DBB59301581734916D8E903048ACF4194579E89FADD117",
      "downloadLocation": "NOASSERTION",
      "filesAnalyzed": false,
      "licenseConcluded": "NOASSERTION",
      "licenseDeclared": "MIT",
      "copyrightText": "NOASSERTION",
      "versionInfo": "9.0.6",
      "externalRefs": [
        {
          "referenceCategory": "PACKAGE-MANAGER",
          "referenceType": "purl",
          "referenceLocator": "pkg:nuget/System.CodeDom@9.0.6"
        }
      ],
      "supplier": "Organization: Microsoft"
    },
    {
      "name": "System.Security.Cryptography.ProtectedData",
      "SPDXID": "SPDXRef-Package-827FE9EB3CB3BD0D85A4734512A2CE59CAB3EBC3FAEFA2EF2037F2B0F11A3131",
      "downloadLocation": "NOASSERTION",
      "filesAnalyzed": false,
      "licenseConcluded": "NOASSERTION",
      "licenseDeclared": "MIT",
      "copyrightText": "NOASSERTION",
      "versionInfo": "9.0.6",
      "externalRefs": [
        {
          "referenceCategory": "PACKAGE-MANAGER",
          "referenceType": "purl",
          "referenceLocator": "pkg:nuget/System.Security.Cryptography.ProtectedData@9.0.6"
        }
      ],
      "supplier": "Organization: Microsoft"
    },
    {
      "name": "Prism.Container.DryIoc",
      "SPDXID": "SPDXRef-Package-46B8B7951A0F4C4F066B2250CB0A6AF070FA85ADF053FF4D5F46A61FFDB5B7CC",
      "downloadLocation": "NOASSERTION",
      "filesAnalyzed": false,
      "licenseConcluded": "NOASSERTION",
      "licenseDeclared": "NOASSERTION",
      "copyrightText": "NOASSERTION",
      "versionInfo": "9.0.106",
      "externalRefs": [
        {
          "referenceCategory": "PACKAGE-MANAGER",
          "referenceType": "purl",
          "referenceLocator": "pkg:nuget/Prism.Container.DryIoc@9.0.106"
        }
      ],
      "supplier": "Organization: Brian Lagunas"
    },
    {
      "name": "FTD2XX.Net",
      "SPDXID": "SPDXRef-Package-8A45692EB3DCE81705B815BD469D8250B4865E3832F7A43AF01686C12F7B9375",
      "downloadLocation": "NOASSERTION",
      "filesAnalyzed": false,
      "licenseConcluded": "NOASSERTION",
      "licenseDeclared": "NOASSERTION",
      "copyrightText": "NOASSERTION",
      "versionInfo": "1.2.1",
      "externalRefs": [
        {
          "referenceCategory": "PACKAGE-MANAGER",
          "referenceType": "purl",
          "referenceLocator": "pkg:nuget/FTD2XX.Net@1.2.1"
        }
      ],
      "supplier": "Organization: FTDI2XX"
    },
    {
      "name": "O2N",
      "SPDXID": "SPDXRef-RootPackage",
      "downloadLocation": "NOASSERTION",
      "packageVerificationCode": {
        "packageVerificationCodeValue": "28f2f62bc26a14996676b49ced5a1ceab2663998"
      },
      "filesAnalyzed": true,
      "licenseConcluded": "NOASSERTION",
      "licenseInfoFromFiles": [
        "NOASSERTION"
      ],
      "licenseDeclared": "NOASSERTION",
      "copyrightText": "NOASSERTION",
      "versionInfo": "2.1.372",
      "externalRefs": [
        {
          "referenceCategory": "PACKAGE-MANAGER",
          "referenceType": "purl",
          "referenceLocator": "pkg:swid/Glaukos/glaukos.com/O2N@2.1.372?tag_id=f87827b0-f0f6-4bd6-bca8-2d7b3be0d48b"
        }
      ],
      "supplier": "Organization: Glaukos",
      "hasFiles": [
        "SPDXRef-File--Resources-Audio-Silence.wav-F5EB866244BF8941080FF694DBB047DDE9FB6399",
        "SPDXRef-File--System.Security.Cryptography.ProtectedData.dll-45F40F056442F6AADE9F6DE5A37E1355891E63DD",
        "SPDXRef-File--Prism.Wpf.dll-9E0B241EDAFE33AB1918556EF2482E5C39FE2314",
        "SPDXRef-File--Microsoft.Extensions.DependencyInjection.Abstractions.dll-3938D02B0803A5016A955A6662C8557B3416E3E1",
        "SPDXRef-File--Kxl1B.deps.json-8F9B3B5F8DA2909708326AA7583B5AB9B0D17508",
        "SPDXRef-File--Copy1BConfigFile-result.txt-A2197CA375F050C9E9F40EA2E114243C5E79765E",
        "SPDXRef-File--Basler.Pylon.dll-E29E7F93E9B1AD0BBA1DB23116017C5C539CDFFB",
        "SPDXRef-File--Resources-Video-Glaukos.mp4-B91282124DEFF3198D815EDC238F51CFF4FDEB9B",
        "SPDXRef-File--Resources-Audio-1-first.wav-864600E0B07D1E2BC25CF75802BE74DFB971C685",
        "SPDXRef-File--System.Diagnostics.EventLog.dll-E7EA00A6CE538F676D5A8181CE6084FF1ECF74F4",
        "SPDXRef-File--Prism.Container.DryIoc.dll-D3801E3062A8CDF130AC4FDE379FEFCDCE093898",
        "SPDXRef-File--Kxl1B.exe-9FBD0A43674E3B0C63363EDA2572AD587D80CE29",
        "SPDXRef-File--Kxl.Localization.dll-FFF0B07FF149787536E7195DD50883CA94E4D41A",
        "SPDXRef-File--CameraServiceProvider.dll-C70E12276E378B48685AF3DD46428D901FE0632E",
        "SPDXRef-File--Resources-Audio-start-treatment.wav-CB03FE26149A5478DB12FCF47882CC7B3FA0BBE0",
        "SPDXRef-File--Cards-Active.json-CDC2EEBD4AFB2E09422A4952A15C3A28230E6E59",
        "SPDXRef-File--RFIDServiceProvider.dll-D84F1E3F435157CCE5EABA9037CD3343F881899B",
        "SPDXRef-File--Microsoft.Xaml.Behaviors.dll-7CF746E1D3AF9E76457031D05090F834AA3FD302",
        "SPDXRef-File--Kxl1B.dll-1C4E1BEF5168CC1C941E5CE7AD73E4A2AAA97112",
        "SPDXRef-File--DryIoc.dll-1F6954FC3B711C07024501CE3AB98652E0C49BC3",
        "SPDXRef-File--CallCopy1BConfigFile.vbs-AFEDA0905B1DDB3972988B6116D09A74CFFCC1CD",
        "SPDXRef-File--Resources-Audio-tone-pause.wav-DA501BC9B90BEFE0DF1BE7BDD49F1F1C7D713685",
        "SPDXRef-File--Keys-pukf2.akf-88D3281BCA381BE63CF8F81DDD4EF5453803CC52",
        "SPDXRef-File--System.CodeDom.dll-BC81727D8F828A673C1EEA4666B5976B5190A297",
        "SPDXRef-File--MockServicesProvider.dll-8D5C6A116958A71A43546E12E76B8CAD34F7205B",
        "SPDXRef-File--Kxl1B.dll.config-220B6E5123354C6EBC642EF6A1D856A61D8726CC",
        "SPDXRef-File--favicon.ico-6BF02C55A84041AFFC514E2B23E7DD6517799D54",
        "SPDXRef-File--CallPostInstallCommitToC.vbs-740A8C3FDD3B42D3A3BCAA17A605649716BF0B22",
        "SPDXRef-File--Resources-Audio-3-third.wav-6FB3BB2B3316D5E8292B1F61915D2B3C2325A002",
        "SPDXRef-File--System.IO.Ports.dll-C4C2452BA747385D059A265E368515FCBA1FC709",
        "SPDXRef-File--Prism.DryIoc.Wpf.dll-7D712FD133BBD5DC2467D251C322CB99909813A3",
        "SPDXRef-File--Kxl1B.runtimeconfig.json-AE3D39E59FD6EDC05792A76CDF4F02A637F52E29",
        "SPDXRef-File--Kxl1B.Common.Utility.dll-0B8A7C824D0E8340594EFF3BE08D41968F317349",
        "SPDXRef-File--CommServiceProvider.dll-2885A3C022C7C63C130FAFFA9B9D177BC4184AEB",
        "SPDXRef-File--Resources-Audio-done-done2.wav-F0AF2E3D0C4C82F691C2544100EE2FA25EACEF28",
        "SPDXRef-File--System.Management.dll-9BD523146CB707F7E480E6BA1F610B5F28370B52",
        "SPDXRef-File--Prism.Events.dll-CE2693CBAF8B239507897AC21170AE591B1F0BC6",
        "SPDXRef-File--Kxlf.Infrastructure.dll-35238F12D973D2802AC3CE14D97CEFFD92B29D09",
        "SPDXRef-File--Kxl1B.Common.Utility.ULog.config-56C885BA4ABF7DE86204C00610ED9F58DF81BD5D",
        "SPDXRef-File--Copy1BConfigFile.bat-7398E9EADB46A8B741794ABE0FFBD8224DD0BB93",
        "SPDXRef-File--Resources-Audio-2-second.wav-BDBEBC8EA3FF4576DEE66FDDC37D5E50F739CB3A",
        "SPDXRef-File--System.Diagnostics.EventLog.Messages.dll-86952CE738C511DA84C5889376F35895BDB55EC9",
        "SPDXRef-File--Prism.dll-B5A6F5F69F47CBDB80C067FC1482631765F9BBAE",
        "SPDXRef-File--Kxl1B.pdb-B7FDFA0F8D16F72AEB506DCA4122231C70269862",
        "SPDXRef-File--Kxl1B.Common.CryptographyData.dll-DDF95EEEE3890872096E9B8867BFBC56F8C42D90",
        "SPDXRef-File--CommitChangesToC.bat-F8C0C706376F2A70FE575FE9B543EC9C2A2D1B6A",
        "SPDXRef-File--Resources-Audio-tone-reminder.wav-6E52EEB5A88049474606E5BC37C00E7146FF4F54",
        "SPDXRef-File--Keys-pukV2.pem-AAD7790061FC4E172E8B199F87464470B4CBC819",
        "SPDXRef-File--System.Configuration.ConfigurationManager.dll-25A3E37D26A313C1448935504947BF6EC6B09EC0",
        "SPDXRef-File--Prism.Container.Abstractions.dll-AE8964B1A1994526B2FC87AFB848EAC332B3998E",
        "SPDXRef-File--Kxl1B.dll.config.clean-220B6E5123354C6EBC642EF6A1D856A61D8726CC",
        "SPDXRef-File--FTDI2XX.dll-C3FCFBE1F0EBB6AF3C35764D52A7D2864CB35D58",
        "SPDXRef-File--CallUninstallCommitToC.vbs-5B31A7FE5441A7A3A8520B144FFE3ADE00A025AF"
      ]
    }
  ],
  "externalDocumentRefs": [],
  "relationships": [
    {
      "relationshipType": "DEPENDS_ON",
      "relatedSpdxElement": "SPDXRef-Package-827FE9EB3CB3BD0D85A4734512A2CE59CAB3EBC3FAEFA2EF2037F2B0F11A3131",
      "spdxElementId": "SPDXRef-Package-A972B4F4403E84B67E51655FBE116FE1BD442FABB41C2E386CC950B87E5F8DCF"
    },
    {
      "relationshipType": "DEPENDS_ON",
      "relatedSpdxElement": "SPDXRef-Package-900A3A6A034596DDD0C57886B9E3EFD18726EBFC880D1B011E36E77D5CBB22DB",
      "spdxElementId": "SPDXRef-RootPackage"
    },
    {
      "relationshipType": "DEPENDS_ON",
      "relatedSpdxElement": "SPDXRef-Package-B232A343151CCD5740FC2B4D0DA43DABDE05B47E4A236DEAC13A41DCB193B687",
      "spdxElementId": "SPDXRef-Package-66A3486AA9261F7E5DC0B506BC65D4A3F78E62457243EF99F561FA136E63868C"
    },
    {
      "relationshipType": "DEPENDS_ON",
      "relatedSpdxElement": "SPDXRef-Package-AE85968BA8DD66E27DC1BE71EFA8AE4AEC112469FBB651151FAD47973CC33244",
      "spdxElementId": "SPDXRef-Package-66A3486AA9261F7E5DC0B506BC65D4A3F78E62457243EF99F561FA136E63868C"
    },
    {
      "relationshipType": "DEPENDS_ON",
      "relatedSpdxElement": "SPDXRef-Package-A972B4F4403E84B67E51655FBE116FE1BD442FABB41C2E386CC950B87E5F8DCF",
      "spdxElementId": "SPDXRef-RootPackage"
    },
    {
      "relationshipType": "DEPENDS_ON",
      "relatedSpdxElement": "SPDXRef-Package-2C0B844137C645FD38210B546B27BB39E1D807EB7059CD721F7EF74D8297ACF6",
      "spdxElementId": "SPDXRef-Package-46B8B7951A0F4C4F066B2250CB0A6AF070FA85ADF053FF4D5F46A61FFDB5B7CC"
    },
    {
      "relationshipType": "DEPENDS_ON",
      "relatedSpdxElement": "SPDXRef-Package-1575F4B17BC899A42F38D4564DDF6E7358BE6CE2D3B1DD840A6CDD31697BEC82",
      "spdxElementId": "SPDXRef-Package-66A3486AA9261F7E5DC0B506BC65D4A3F78E62457243EF99F561FA136E63868C"
    },
    {
      "relationshipType": "DEPENDS_ON",
      "relatedSpdxElement": "SPDXRef-Package-22DB299DE725EC9AAE02845DCD22A70E80130CFC7B8EB7067BE47477A58EE602",
      "spdxElementId": "SPDXRef-Package-66A3486AA9261F7E5DC0B506BC65D4A3F78E62457243EF99F561FA136E63868C"
    },
    {
      "relationshipType": "DEPENDS_ON",
      "relatedSpdxElement": "SPDXRef-Package-4CB831552F22D1358276113C90129B212C62A3368D239338379BE7B7A64A69FD",
      "spdxElementId": "SPDXRef-Package-4FD26F4BA5CA015543040AD0ABBF0E73EDBE705DC363A19C76707B622DBE4B6A"
    },
    {
      "relationshipType": "DEPENDS_ON",
      "relatedSpdxElement": "SPDXRef-Package-4FD26F4BA5CA015543040AD0ABBF0E73EDBE705DC363A19C76707B622DBE4B6A",
      "spdxElementId": "SPDXRef-RootPackage"
    },
    {
      "relationshipType": "DEPENDS_ON",
      "relatedSpdxElement": "SPDXRef-Package-3B08C87A8B8A12A94817EEBDE0C1961439917A5BA86AEA4F95BA90F62C154D4E",
      "spdxElementId": "SPDXRef-Package-66A3486AA9261F7E5DC0B506BC65D4A3F78E62457243EF99F561FA136E63868C"
    },
    {
      "relationshipType": "DEPENDS_ON",
      "relatedSpdxElement": "SPDXRef-Package-C976DE0E81D0F063F8DAB0B2536A8334F497B965A352DA1701BC3AFC9B84F212",
      "spdxElementId": "SPDXRef-Package-66A3486AA9261F7E5DC0B506BC65D4A3F78E62457243EF99F561FA136E63868C"
    },
    {
      "relationshipType": "DEPENDS_ON",
      "relatedSpdxElement": "SPDXRef-Package-8A45692EB3DCE81705B815BD469D8250B4865E3832F7A43AF01686C12F7B9375",
      "spdxElementId": "SPDXRef-RootPackage"
    },
    {
      "relationshipType": "DEPENDS_ON",
      "relatedSpdxElement": "SPDXRef-Package-873C97861E26E57040DBB59301581734916D8E903048ACF4194579E89FADD117",
      "spdxElementId": "SPDXRef-Package-4951F522E269078C6032DFFCE64945539663E74538D38A2E767AF1CBEDC4BA67"
    },
    {
      "relationshipType": "DEPENDS_ON",
      "relatedSpdxElement": "SPDXRef-Package-6F14A71002EE7BC360C9C534A3294DFE9C4CBF2BC2A2874833E0D44F2146EB68",
      "spdxElementId": "SPDXRef-RootPackage"
    },
    {
      "relationshipType": "DESCRIBES",
      "relatedSpdxElement": "SPDXRef-RootPackage",
      "spdxElementId": "SPDXRef-DOCUMENT"
    },
    {
      "relationshipType": "DEPENDS_ON",
      "relatedSpdxElement": "SPDXRef-Package-8C4EE9C80D60F944EBF7DA4773101F774E9523080B07EE4075981DC4C47C92BE",
      "spdxElementId": "SPDXRef-Package-66A3486AA9261F7E5DC0B506BC65D4A3F78E62457243EF99F561FA136E63868C"
    },
    {
      "relationshipType": "DEPENDS_ON",
      "relatedSpdxElement": "SPDXRef-Package-62866214B5A224D53B4BD19894D0C4DE7DEAAD8F48259BE2FE32D6AF798E2E72",
      "spdxElementId": "SPDXRef-Package-66A3486AA9261F7E5DC0B506BC65D4A3F78E62457243EF99F561FA136E63868C"
    },
    {
      "relationshipType": "DEPENDS_ON",
      "relatedSpdxElement": "SPDXRef-Package-0EBD5C78906C92F1B99812EC33D7279AFEAECB4CE97A55A1A495225F58E18552",
      "spdxElementId": "SPDXRef-Package-A972B4F4403E84B67E51655FBE116FE1BD442FABB41C2E386CC950B87E5F8DCF"
    },
    {
      "relationshipType": "DEPENDS_ON",
      "relatedSpdxElement": "SPDXRef-Package-8CFCF03831BD92E7F17E3A039A0C32F28BD152FFFC40439C4296EE810556DC76",
      "spdxElementId": "SPDXRef-Package-4CB831552F22D1358276113C90129B212C62A3368D239338379BE7B7A64A69FD"
    },
    {
      "relationshipType": "DEPENDS_ON",
      "relatedSpdxElement": "SPDXRef-Package-DEE9E8835104690967FD2AA6100382AF2CEEE0D479F79D2F5D05EE40740F2F9F",
      "spdxElementId": "SPDXRef-Package-66A3486AA9261F7E5DC0B506BC65D4A3F78E62457243EF99F561FA136E63868C"
    },
    {
      "relationshipType": "DEPENDS_ON",
      "relatedSpdxElement": "SPDXRef-Package-8CAD6AA2C972E849F88584E3ACBCED6B6E2684EBE598229CD060BC3DF1578B34",
      "spdxElementId": "SPDXRef-Package-66A3486AA9261F7E5DC0B506BC65D4A3F78E62457243EF99F561FA136E63868C"
    },
    {
      "relationshipType": "DEPENDS_ON",
      "relatedSpdxElement": "SPDXRef-Package-4951F522E269078C6032DFFCE64945539663E74538D38A2E767AF1CBEDC4BA67",
      "spdxElementId": "SPDXRef-RootPackage"
    },
    {
      "relationshipType": "DEPENDS_ON",
      "relatedSpdxElement": "SPDXRef-Package-6B67DA14C371E5A767C51659D57CD0F243DAC16616FBA21EC02AE5FC987F5423",
      "spdxElementId": "SPDXRef-Package-5E79D50E0EEBCB9826AA15CE30D3DD11C3122557EFB4BB0270B0C98A9E6E5234"
    },
    {
      "relationshipType": "DEPENDS_ON",
      "relatedSpdxElement": "SPDXRef-Package-C3BD0DD416A492178BC737F0C40D288F6E42A26A9292BFAE709E20D64A1AF376",
      "spdxElementId": "SPDXRef-Package-66A3486AA9261F7E5DC0B506BC65D4A3F78E62457243EF99F561FA136E63868C"
    },
    {
      "relationshipType": "DEPENDS_ON",
      "relatedSpdxElement": "SPDXRef-Package-4F2B4188CBC3F79DDB42F65C57E3ABF6D7544DCBED02C156A580A4C6024ADA29",
      "spdxElementId": "SPDXRef-RootPackage"
    },
    {
      "relationshipType": "DEPENDS_ON",
      "relatedSpdxElement": "SPDXRef-Package-46B8B7951A0F4C4F066B2250CB0A6AF070FA85ADF053FF4D5F46A61FFDB5B7CC",
      "spdxElementId": "SPDXRef-Package-4FD26F4BA5CA015543040AD0ABBF0E73EDBE705DC363A19C76707B622DBE4B6A"
    },
    {
      "relationshipType": "DEPENDS_ON",
      "relatedSpdxElement": "SPDXRef-Package-3A83CB7E531D92E2FD46D0503EFF27C237E95573AA0F9F58D61FF4047C9159B8",
      "spdxElementId": "SPDXRef-Package-5E79D50E0EEBCB9826AA15CE30D3DD11C3122557EFB4BB0270B0C98A9E6E5234"
    },
    {
      "relationshipType": "DEPENDS_ON",
      "relatedSpdxElement": "SPDXRef-Package-1B05DF5BBE8F5B00812B41D2C263483EA18F703E40B543BA7F3BF44B34E85F08",
      "spdxElementId": "SPDXRef-Package-66A3486AA9261F7E5DC0B506BC65D4A3F78E62457243EF99F561FA136E63868C"
    },
    {
      "relationshipType": "DEPENDS_ON",
      "relatedSpdxElement": "SPDXRef-Package-503607E948A3BAFD01D782C631931A6F24B360C29DF4DC3E67F16CCBF8474AB9",
      "spdxElementId": "SPDXRef-Package-66A3486AA9261F7E5DC0B506BC65D4A3F78E62457243EF99F561FA136E63868C"
    },
    {
      "relationshipType": "DEPENDS_ON",
      "relatedSpdxElement": "SPDXRef-Package-4048520968335AAF2869F01AA41984B97EDD8F21DB14E049B17DECA2BD989109",
      "spdxElementId": "SPDXRef-Package-66A3486AA9261F7E5DC0B506BC65D4A3F78E62457243EF99F561FA136E63868C"
    },
    {
      "relationshipType": "DEPENDS_ON",
      "relatedSpdxElement": "SPDXRef-Package-1586F9EE572B6DEDFE478329D5C8D22342F4546D63C6A8D0373D24F721C8414F",
      "spdxElementId": "SPDXRef-Package-6B67DA14C371E5A767C51659D57CD0F243DAC16616FBA21EC02AE5FC987F5423"
    },
    {
      "relationshipType": "DEPENDS_ON",
      "relatedSpdxElement": "SPDXRef-Package-5E79D50E0EEBCB9826AA15CE30D3DD11C3122557EFB4BB0270B0C98A9E6E5234",
      "spdxElementId": "SPDXRef-Package-4CB831552F22D1358276113C90129B212C62A3368D239338379BE7B7A64A69FD"
    },
    {
      "relationshipType": "DEPENDS_ON",
      "relatedSpdxElement": "SPDXRef-Package-A2A1CB89E830C9692FA5AD4B19F487255A44A2DC8902861881F3AAE381B16E7F",
      "spdxElementId": "SPDXRef-Package-66A3486AA9261F7E5DC0B506BC65D4A3F78E62457243EF99F561FA136E63868C"
    },
    {
      "relationshipType": "DEPENDS_ON",
      "relatedSpdxElement": "SPDXRef-Package-8B0A6811DB57687DBFC4C6C48DF26A0726C1CB6DD2BB6C65ACFD8907FF4CE7EC",
      "spdxElementId": "SPDXRef-Package-66A3486AA9261F7E5DC0B506BC65D4A3F78E62457243EF99F561FA136E63868C"
    },
    {
      "relationshipType": "DEPENDS_ON",
      "relatedSpdxElement": "SPDXRef-Package-66A3486AA9261F7E5DC0B506BC65D4A3F78E62457243EF99F561FA136E63868C",
      "spdxElementId": "SPDXRef-Package-4F2B4188CBC3F79DDB42F65C57E3ABF6D7544DCBED02C156A580A4C6024ADA29"
    }
  ],
  "spdxVersion": "SPDX-2.2",
  "dataLicense": "CC0-1.0",
  "SPDXID": "SPDXRef-DOCUMENT",
  "name": "O2N 2.1.372",
  "documentNamespace": "https://Glaukos.com/O2NSBOM/O2N/2.1.372/igNzWIWgfkKtUngedKod3A",
  "creationInfo": {
    "created": "2025-07-17T14:15:27Z",
    "creators": [
      "Organization: Glaukos",
      "Tool: Microsoft.SBOMTool-4.0.3"
    ]
  },
  "documentDescribes": [
    "SPDXRef-RootPackage"
  ]
}