{
  "files": [
    {
      "fileName": "./os_task.c",
      "SPDXID": "SPDXRef-File--os-task.c-0E2099C5679D1FD2309B32AEBD81F23A9F8F4DD1",
      "checksums": [
        {
          "algorithm": "SHA256",
          "checksumValue": "36a159dfcfb524fbe7e96d1b18294b243f4f7a71088ea5598be2b0be9506a823"
        },
        {
          "algorithm": "SHA1",
          "checksumValue": "0e2099c5679d1fd2309b32aebd81f23a9f8f4dd1"
        }
      ],
      "licenseConcluded": "NOASSERTION",
      "licenseInfoInFiles": [
        "NOASSERTION"
      ],
      "copyrightText": "NOASSERTION"
    },
    {
      "fileName": "./os_core.c",
      "SPDXID": "SPDXRef-File--os-core.c-2E75570B217EB43D8251A7757820519702647789",
      "checksums": [
        {
          "algorithm": "SHA256",
          "checksumValue": "49f244db33a6e0cf38c74e7d324470d5e861ac679a50425ed389d5d0ba5b49ec"
        },
        {
          "algorithm": "SHA1",
          "checksumValue": "2e75570b217eb43d8251a7757820519702647789"
        }
      ],
      "licenseConcluded": "NOASSERTION",
      "licenseInfoInFiles": [
        "NOASSERTION"
      ],
      "copyrightText": "NOASSERTION"
    },
    {
      "fileName": "./os_q.c",
      "SPDXID": "SPDXRef-File--os-q.c-C611862A8C4BCD9C7352F11E5354AFAC51A87EE4",
      "checksums": [
        {
          "algorithm": "SHA256",
          "checksumValue": "24aa37e0c2b835f7331adba024d2dbac3648153d3789cbc30c61aef7657a3b9f"
        },
        {
          "algorithm": "SHA1",
          "checksumValue": "c611862a8c4bcd9c7352f11e5354afac51a87ee4"
        }
      ],
      "licenseConcluded": "NOASSERTION",
      "licenseInfoInFiles": [
        "NOASSERTION"
      ],
      "copyrightText": "NOASSERTION"
    },
    {
      "fileName": "./os_time.c",
      "SPDXID": "SPDXRef-File--os-time.c-8234A7C98D2B7E2F84675077560209055309A28F",
      "checksums": [
        {
          "algorithm": "SHA256",
          "checksumValue": "bfdcc0962fe3d831727d5ab436cd42fbbeaee0879bd647d397d41e6eda9a5eb5"
        },
        {
          "algorithm": "SHA1",
          "checksumValue": "8234a7c98d2b7e2f84675077560209055309a28f"
        }
      ],
      "licenseConcluded": "NOASSERTION",
      "licenseInfoInFiles": [
        "NOASSERTION"
      ],
      "copyrightText": "NOASSERTION"
    },
    {
      "fileName": "./os_mbox.c",
      "SPDXID": "SPDXRef-File--os-mbox.c-AA57AAB551B266731DF29E652B0B9EF5ACEF9CDC",
      "checksums": [
        {
          "algorithm": "SHA256",
          "checksumValue": "57a57f12bf2b70d5526038c384cad2eca0a0dfa5c347c32a6ef80d0d4997cfe6"
        },
        {
          "algorithm": "SHA1",
          "checksumValue": "aa57aab551b266731df29e652b0b9ef5acef9cdc"
        }
      ],
      "licenseConcluded": "NOASSERTION",
      "licenseInfoInFiles": [
        "NOASSERTION"
      ],
      "copyrightText": "NOASSERTION"
    },
    {
      "fileName": "./Ports/os_cpu_a.s",
      "SPDXID": "SPDXRef-File--Ports-os-cpu-a.s-9508DB6132308C9E6CD6EBB3C694DCFA22FDC839",
      "checksums": [
        {
          "algorithm": "SHA256",
          "checksumValue": "7594ad682285bffe0e24709633ea8ec46d11d6955e2ed5e528467154c40c0659"
        },
        {
          "algorithm": "SHA1",
          "checksumValue": "9508db6132308c9e6cd6ebb3c694dcfa22fdc839"
        }
      ],
      "licenseConcluded": "NOASSERTION",
      "licenseInfoInFiles": [
        "NOASSERTION"
      ],
      "copyrightText": "NOASSERTION"
    },
    {
      "fileName": "./os_mutex.c",
      "SPDXID": "SPDXRef-File--os-mutex.c-B04055C56A2CEF425F163431D537EBE25E1116D8",
      "checksums": [
        {
          "algorithm": "SHA256",
          "checksumValue": "f3b041f2c6d006d3afbfdd495baa54bf63b910a9ef31f40d1195b79d6bb9365f"
        },
        {
          "algorithm": "SHA1",
          "checksumValue": "b04055c56a2cef425f163431d537ebe25e1116d8"
        }
      ],
      "licenseConcluded": "NOASSERTION",
      "licenseInfoInFiles": [
        "NOASSERTION"
      ],
      "copyrightText": "NOASSERTION"
    },
    {
      "fileName": "./Ports/os_dbg.c",
      "SPDXID": "SPDXRef-File--Ports-os-dbg.c-2677712B620BC992718481B7F299EFE7A5E6C465",
      "checksums": [
        {
          "algorithm": "SHA256",
          "checksumValue": "da849d2b76ad9c0291eb2f5d1f35a59faa40e25f85e05235d35119a3143a2955"
        },
        {
          "algorithm": "SHA1",
          "checksumValue": "2677712b620bc992718481b7f299efe7a5e6c465"
        }
      ],
      "licenseConcluded": "NOASSERTION",
      "licenseInfoInFiles": [
        "NOASSERTION"
      ],
      "copyrightText": "NOASSERTION"
    },
    {
      "fileName": "./ucos_ii.h",
      "SPDXID": "SPDXRef-File--ucos-ii.h-FBF3CEF5DC363F631BDE362FC7DADFA8710FC617",
      "checksums": [
        {
          "algorithm": "SHA256",
          "checksumValue": "6b15a69a745233add606b9fe07a5ab8310f0b9e7673d41d39337461a4a9f32d4"
        },
        {
          "algorithm": "SHA1",
          "checksumValue": "fbf3cef5dc363f631bde362fc7dadfa8710fc617"
        }
      ],
      "licenseConcluded": "NOASSERTION",
      "licenseInfoInFiles": [
        "NOASSERTION"
      ],
      "copyrightText": "NOASSERTION"
    },
    {
      "fileName": "./Ports/os_cpu.h",
      "SPDXID": "SPDXRef-File--Ports-os-cpu.h-3688276488703B7776F9D82F58D287A37618896D",
      "checksums": [
        {
          "algorithm": "SHA256",
          "checksumValue": "46001d79a15d77ef744c1628b28eb7118fceb815134ad45bc6531fdf2b27d1e8"
        },
        {
          "algorithm": "SHA1",
          "checksumValue": "3688276488703b7776f9d82f58d287a37618896d"
        }
      ],
      "licenseConcluded": "NOASSERTION",
      "licenseInfoInFiles": [
        "NOASSERTION"
      ],
      "copyrightText": "NOASSERTION"
    },
    {
      "fileName": "./os_flag.c",
      "SPDXID": "SPDXRef-File--os-flag.c-2A81BA16EA52C167EA80A9748B09D6DE6B697D7C",
      "checksums": [
        {
          "algorithm": "SHA256",
          "checksumValue": "a97169ef88af21d0632274ec57dd7ab3b56874ddb6a51ea531bf9046bf98b30b"
        },
        {
          "algorithm": "SHA1",
          "checksumValue": "2a81ba16ea52c167ea80a9748b09d6de6b697d7c"
        }
      ],
      "licenseConcluded": "NOASSERTION",
      "licenseInfoInFiles": [
        "NOASSERTION"
      ],
      "copyrightText": "NOASSERTION"
    },
    {
      "fileName": "./os_sem.c",
      "SPDXID": "SPDXRef-File--os-sem.c-62C4BFD1ACFE80BFB3A55D177DE0B3AC78DA8F0A",
      "checksums": [
        {
          "algorithm": "SHA256",
          "checksumValue": "2fb16d7abd6c7a2c221c076a95dafc446b02feaf7d515729c9a120a8e4e0f39a"
        },
        {
          "algorithm": "SHA1",
          "checksumValue": "62c4bfd1acfe80bfb3a55d177de0b3ac78da8f0a"
        }
      ],
      "licenseConcluded": "NOASSERTION",
      "licenseInfoInFiles": [
        "NOASSERTION"
      ],
      "copyrightText": "NOASSERTION"
    },
    {
      "fileName": "./Ports/os_cpu_util_a.s",
      "SPDXID": "SPDXRef-File--Ports-os-cpu-util-a.s-3DDCA4AE798BF154F8637ECE6D7997A06324E01F",
      "checksums": [
        {
          "algorithm": "SHA256",
          "checksumValue": "298efd6f78332ed2ef72645cec87cb55d37f6d1078e765f9acbfe637d3a37298"
        },
        {
          "algorithm": "SHA1",
          "checksumValue": "3ddca4ae798bf154f8637ece6d7997a06324e01f"
        }
      ],
      "licenseConcluded": "NOASSERTION",
      "licenseInfoInFiles": [
        "NOASSERTION"
      ],
      "copyrightText": "NOASSERTION"
    },
    {
      "fileName": "./os_tmr.c",
      "SPDXID": "SPDXRef-File--os-tmr.c-8AD3B3A6D96C5E907E7771B57B55832580268692",
      "checksums": [
        {
          "algorithm": "SHA256",
          "checksumValue": "5c659289b4753d6d0726a43ed02618360295cabe193d2c04915124a7af045116"
        },
        {
          "algorithm": "SHA1",
          "checksumValue": "8ad3b3a6d96c5e907e7771b57b55832580268692"
        }
      ],
      "licenseConcluded": "NOASSERTION",
      "licenseInfoInFiles": [
        "NOASSERTION"
      ],
      "copyrightText": "NOASSERTION"
    },
    {
      "fileName": "./Ports/os_cpu_c.c",
      "SPDXID": "SPDXRef-File--Ports-os-cpu-c.c-C05D7352A4E3D38F2261FAB2D8304D9E073767CE",
      "checksums": [
        {
          "algorithm": "SHA256",
          "checksumValue": "5324e7e873c9a3260406ea1e7f3967d6cec1721f78499934ccfa625d40c79877"
        },
        {
          "algorithm": "SHA1",
          "checksumValue": "c05d7352a4e3d38f2261fab2d8304d9e073767ce"
        }
      ],
      "licenseConcluded": "NOASSERTION",
      "licenseInfoInFiles": [
        "NOASSERTION"
      ],
      "copyrightText": "NOASSERTION"
    },
    {
      "fileName": "./os_mem.c",
      "SPDXID": "SPDXRef-File--os-mem.c-CB1C13F2089F5F69392AFE08522C4F634C85756D",
      "checksums": [
        {
          "algorithm": "SHA256",
          "checksumValue": "39d4aa6145b32dbf92b65a1e71075d1c267b590a4aa8f865794817992b8fefbd"
        },
        {
          "algorithm": "SHA1",
          "checksumValue": "cb1c13f2089f5f69392afe08522c4f634c85756d"
        }
      ],
      "licenseConcluded": "NOASSERTION",
      "licenseInfoInFiles": [
        "NOASSERTION"
      ],
      "copyrightText": "NOASSERTION"
    },
    {
      "fileName": "./Config/os_cfg.h",
      "SPDXID": "SPDXRef-File--Config-os-cfg.h-250BFE3863DE85187616E79C8E776707C1190279",
      "checksums": [
        {
          "algorithm": "SHA256",
          "checksumValue": "687e73d49afe779092e1f7b8923c3764a7854edfd7dc49258f4c67dd3cf3ebbd"
        },
        {
          "algorithm": "SHA1",
          "checksumValue": "250bfe3863de85187616e79c8e776707c1190279"
        }
      ],
      "licenseConcluded": "NOASSERTION",
      "licenseInfoInFiles": [
        "NOASSERTION"
      ],
      "copyrightText": "NOASSERTION"
    }
  ],
  "packages": [
    {
      "name": "uC-OS2",
      "SPDXID": "SPDXRef-RootPackage",
      "downloadLocation": "NOASSERTION",
      "packageVerificationCode": {
        "packageVerificationCodeValue": "29732637781ba4fc15b7a7530086650e3b75b39c"
      },
      "filesAnalyzed": true,
      "licenseConcluded": "NOASSERTION",
      "licenseInfoFromFiles": [
        "NOASSERTION"
      ],
      "licenseDeclared": "NOASSERTION",
      "copyrightText": "NOASSERTION",
      "versionInfo": "2.86",
      "externalRefs": [
        {
          "referenceCategory": "PACKAGE-MANAGER",
          "referenceType": "purl",
          "referenceLocator": "pkg:swid/Weston%20Embedded/weston-embedded/uC-OS2@2.86?tag_id=f1e9f005-04c0-4216-9588-2341754e58b5"
        }
      ],
      "supplier": "Organization: Weston Embedded",
      "hasFiles": [
        "SPDXRef-File--ucos-ii.h-FBF3CEF5DC363F631BDE362FC7DADFA8710FC617",
        "SPDXRef-File--os-mbox.c-AA57AAB551B266731DF29E652B0B9EF5ACEF9CDC",
        "SPDXRef-File--Ports-os-dbg.c-2677712B620BC992718481B7F299EFE7A5E6C465",
        "SPDXRef-File--os-time.c-8234A7C98D2B7E2F84675077560209055309A28F",
        "SPDXRef-File--os-core.c-2E75570B217EB43D8251A7757820519702647789",
        "SPDXRef-File--Ports-os-cpu-c.c-C05D7352A4E3D38F2261FAB2D8304D9E073767CE",
        "SPDXRef-File--os-sem.c-62C4BFD1ACFE80BFB3A55D177DE0B3AC78DA8F0A",
        "SPDXRef-File--Ports-os-cpu-util-a.s-3DDCA4AE798BF154F8637ECE6D7997A06324E01F",
        "SPDXRef-File--os-task.c-0E2099C5679D1FD2309B32AEBD81F23A9F8F4DD1",
        "SPDXRef-File--Config-os-cfg.h-250BFE3863DE85187616E79C8E776707C1190279",
        "SPDXRef-File--os-mem.c-CB1C13F2089F5F69392AFE08522C4F634C85756D",
        "SPDXRef-File--Ports-os-cpu.h-3688276488703B7776F9D82F58D287A37618896D",
        "SPDXRef-File--os-mutex.c-B04055C56A2CEF425F163431D537EBE25E1116D8",
        "SPDXRef-File--Ports-os-cpu-a.s-9508DB6132308C9E6CD6EBB3C694DCFA22FDC839",
        "SPDXRef-File--os-q.c-C611862A8C4BCD9C7352F11E5354AFAC51A87EE4",
        "SPDXRef-File--os-tmr.c-8AD3B3A6D96C5E907E7771B57B55832580268692",
        "SPDXRef-File--os-flag.c-2A81BA16EA52C167EA80A9748B09D6DE6B697D7C"
      ]
    }
  ],
  "externalDocumentRefs": [],
  "relationships": [
    {
      "relationshipType": "DESCRIBES",
      "relatedSpdxElement": "SPDXRef-RootPackage",
      "spdxElementId": "SPDXRef-DOCUMENT"
    }
  ],
  "spdxVersion": "SPDX-2.2",
  "dataLicense": "CC0-1.0",
  "SPDXID": "SPDXRef-DOCUMENT",
  "name": "uC-OS2 2.86",
  "documentNamespace": "https://weston-embedded/micrium/uC-OS2/2.86/9ivPoEvHZEmF5AtwTV6mgA",
  "creationInfo": {
    "created": "2025-06-04T21:55:28Z",
    "creators": [
      "Organization: Weston Embedded",
      "Tool: Microsoft.SBOMTool-4.0.3"
    ]
  },
  "documentDescribes": [
    "SPDXRef-RootPackage"
  ]
}